Date,Image,Size,Species,Confidence,Morph,Price
202404,e09c44ef94f27743c60a9e7aaab46e60.jpg,undefined,frog,,white,30000.0
202405,ae4369471d5ecdc865bf1e7eee012cff.jpg,undefined,newt,,albino,40000.0
202210,e6b0a9a3a56d071444312b11c49881d1.jpg,undefined,pacman,,green,30000.0
202409,cb1a39623e2751e70943a39681d2fe78.jpg,adult,Salamander,,undefined,75000.0
202409,ece3344eff3edeac0de436c7d3ccb314.jpg,adult,Salamander,,undefined,160000.0
202408,71099aabbcb05c575bf3c7a97a74a513.jpg,subadult,frog,,undefined,60000.0
202408,e5b7b066fd60aa2e25f6ed11b8f4a8b4.jpg,undefined,frog,,undefined,64000.0
202408,07b93ad3e1f277c38dd9f6a31b96fe69.jpg,undefined,frog,,undefined,106000.0
202408,78a969d8ef5bd8232c7c0ec08d86330c.jpg,undefined,frog,,undefined,40000.0
202406,304412d27f54fa60f06712e2e915fbf0.jpg,adult,frog,,white,30000.0
202407,056012314d2e8624ae09888c5d3c033c.jpg,undefined,frog,,undefined,24000.0
202407,5c98dd252eef16d19b163371e9700706.jpg,undefined,frog,,undefined,14000.0
202407,7b7aba6bdd1747ab0f03235ee0663f30.jpg,undefined,Toad,,undefined,14000.0
202403,3cc4670ccd8cea5ac0485c9769820406.jpg,babeadult,pacman,,undefined,50000.0
202403,d831063b003e597a03ce576f48e0035e.jpg,babeadult,pacman,,albino,40000.0
202402,a244cf083b3e0e7e12037115ea030d45.jpg,undefined,Salamander,,undefined,180000.0
202402,dd5af77d3ced993477e77b84529ef235.jpg,undefined,pacman,,berry,15000.0
202311,086c5318e2658e186817396716fcfb59.jpg,undefined,newt,,undefined,40000.0
202311,5468842b9fa4ce3e44797ee5c36d4b13.jpg,undefined,newt,,undefined,16000.0
202311,162c86c6f8229d28ff7c395e49de2f5c.jpg,undefined,Salamander,,undefined,110000.0
202311,890cd827301f254bcb8297cb6ab3ad62.jpg,babeadult,frog,,undefined,130000.0
202311,ada4efee9685556aef8e15354e6a17c3.jpg,baby,frog,,undefined,40000.0
202310,3bd61d5b85bc1199fd61a2f33c2dfc49.jpg,undefined,pacman,,undefined,18000.0
202310,3b59f03b8099fcda87e2a0ec08a1153c.jpg,undefined,Toad,,undefined,8000.0
202310,6b228822f83d8262fc712dc0c97d9690.jpg,undefined,frog,,red,18000.0
202309,10903ac415d6f1b6375f92a8385f9f4e.jpg,babeadult,frog,,undefined,90000.0
202307,bfb08bf334b3a24483e3aa2a1a413983.jpg,undefined,frog,,green,50000.0
202307,3ba8beabcaffbe274e2cf180aa55c8ec.jpg,baby,frog,,red,160000.0
202307,c318a3e12fcebd1d8db71db3c3eaf5b2.jpg,undefined,newt,,normal,24000.0
202306,8d590545ef960d9b0344067eb719d568.jpg,undefined,frog,,white,280000.0
202306,d09db1e4ec868d1f0400aa42078d292b.jpg,adult,frog,,undefined,250000.0
202307,1d359a271510155e069e925c70989c40.jpg,undefined,frog,,green,250000.0
202306,c1153b259f781faa0b489b074b5ed2e5.jpg,undefined,frog,,undefined,180000.0
202305,5ccdf3e74520c2213cf241c8d2cdf11d.jpg,baby,Toad,,undefined,45000.0
202406,40c4da1687eec67966ab86d32276744e.png,babeadult,others,,white,18000.0
202210,7ca267fc0f9d9ffb221f41de133ccf73.jpg,undefined,frog,,undefined,140000.0
202212,f2efdbec09c6189976dfe42573f2bfa5.jpg,undefined,newt,,undefined,220000.0
202211,e50d171b1a89ffe74b26739c4e72ff74.jpg,babeadult,Toad,,undefined,89000.0
202309,b1aa5aaf21d2965c565937f9be9bb2d0.jpg,undefined,others,,green,150000.0
202405,72a34f4c6a7a966d68321cde19071f2b.jpg,undefined,frog,,undefined,14000.0
202209,866ef6315170308be4f0653ec92c6388.jpg,undefined,Salamander,,undefined,80000.0
202312,24520a5654493fa6b165a3014f1f6aea.jpg,undefined,frog,,white,35000.0
202109,015aed7dc726690bd2124cd591ff1f49.jpg,undefined,pacman,,albino,12000.0
202012,9d512a34b4366f6a77051f676b05a026.jpg,undefined,pacman,,berry,30000.0
202310,d300a031485dcd5d814ba386d21ed854.jpg,undefined,pacman,,green,48000.0
202310,596a48f5d504d1f85de8ade06b864b05.jpg,undefined,pacman,,red,48000.0
202306,d3883a3773fed80e2d42d14b939dd6de.jpg,adult,frog,,undefined,150000.0
202212,39524d39022c290f18338bdc98c4e657.jpg,undefined,newt,,undefined,150000.0
201711,319_shop1_225555.jpg,undefined,Toad,,undefined,80000.0
202404,0be868d4748360efcb8d269b417437ed.jpg,undefined,pacman,,albino,28000.0
202404,26c64fbc5e3e4f250eefe8a0a18a6563.jpg,undefined,pacman,,green,28000.0
202404,0e9249288076e9dd403e159095388b0f.jpg,undefined,Salamander,,undefined,65000.0
202404,8ebd005b7c167ac3ddf17cf569f76868.jpg,undefined,frog,,undefined,32000.0
202411,3f80dd5feb5059e55af0a43dfb15505d.jpg,babeadult,beardydragon,,hypo,280000.0
202411,704b1c88e24e5e7115fb26b3bda3d6b6.jpg,babeadult,beardydragon,,hypo,250000.0
202411,3a4281d7923b5e3689939f647bf4210a.jpg,babeadult,beardydragon,,hypo,250000.0
202411,286d44a0416a56cb3c9101fc0fc6dc4b.jpg,baby,crestedgeko,,lily,55000.0
202411,74eadc4309deca55b21a0c5bc193071b.jpg,baby,crestedgeko,,lily,80000.0
202411,4904e8119f3af1db917f2e7e9b70a45f.jpg,baby,crestedgeko,,lily,55000.0
202411,1e1c21b9810f2e85c33778b7638f1ebd.jpg,baby,crestedgeko,,lily,50000.0
202411,0344a53d58f8a0eaf644b5475f6e542a.jpg,baby,crestedgeko,,lily,55000.0
202411,3796fe36232bbf66b5adf2897c7620a0.jpg,baby,crestedgeko,,lily,70000.0
202411,37925d162892a5530353f336a9526f45.jpg,baby,crestedgeko,,lily,70000.0
202411,e40da4e6be5ef77fed6e5d8a36779bfe.jpg,baby,crestedgeko,,lily,60000.0
202411,55ed08f4b1b50c4c5ca31f3c981c2a5b.jpg,baby,crestedgeko,,lily,55000.0
202411,e37441eb73283f07ca158e8de1fcc388.jpg,baby,crestedgeko,,lily,80000.0
202411,b57f689ce4101fcd42f751f660622955.jpg,baby,crestedgeko,,lily,80000.0
202411,07d0b9fa2ce78a1be9927dcff247ad76.jpg,baby,crestedgeko,,lily,60000.0
202411,58313b57e03062b4e52a3a141b768c5b.jpg,baby,crestedgeko,,lily,70000.0
202411,b38b510f3da33141773dfb51c3a56bad.jpg,baby,crestedgeko,,lily,55000.0
202411,710d1ec427a1a19e0dcd7dc9aa3efd33.jpg,baby,crestedgeko,,lily,60000.0
202411,5be3a9c4864f52c0461ad01ee5bcde5c.jpg,baby,crestedgeko,,lily,60000.0
202411,1ae54081da55a494f8f68de112ac60dc.jpg,baby,crestedgeko,,lily,55000.0
202411,6a6afb1fd906c32ad435c5f1b4f42e02.jpg,baby,crestedgeko,,lily,55000.0
202411,7a79f1f9085039bb0502794b8af4f060.jpg,baby,crestedgeko,,undefined,40000.0
202411,092330656dfb43416409849690cf8f33.jpg,baby,crestedgeko,,lily,80000.0
202411,577450d8163cf2026271c9ec4a41bf8f.jpg,baby,crestedgeko,,lily,100000.0
202411,aae987f2d2dca96cc2eaf9fe0aa5661c.jpg,baby,crestedgeko,,lily,80000.0
202411,dcd3339af5fd2152e84b6ea4a778c19a.jpg,baby,crestedgeko,,lily,70000.0
202411,b6d089bdc44c2a2b95f06e09ba787d77.jpg,baby,crestedgeko,,lily,70000.0
202411,3006c03c9fc2f3a53196ce6ecb6c0ae2.jpg,baby,crestedgeko,,lily,90000.0
202411,8c02711bf4dff39f580319358d03c638.jpg,baby,crestedgeko,,lily,80000.0
202411,cbbf50fc11cf1e1de8037be46061280d.jpg,baby,crestedgeko,,lily,70000.0
202411,8ffe1dd6b1ab78155fc424503713593c.jpg,baby,crestedgeko,,lily,80000.0
202411,f2e656b2cf2ab8554a87dedbf6f93601.jpg,baby,crestedgeko,,lily,75000.0
202411,d9394859724293af05e7187d51dacae2.jpg,baby,crestedgeko,,lily,80000.0
202411,5b0a021380c27697baa152f15949eddc.jpg,babeadult,leopard,,undefined,100000.0
202411,55361416a0795dc42feab19945a1b8c0.jpg,babeadult,leopard,,undefined,100000.0
202411,b10fab3fcd2e8461e61ef7d1899cf736.jpg,babeadult,leopard,,undefined,100000.0
202410,3344957adf48b600ca96b11b2d2c21f2.jpg,adult,snake,,undefined,180000.0
202410,d61c1e77ad0c39a6a3c039906db201d3.jpg,subadult,snake,,undefined,150000.0
202410,d65400789da1f6bc04955213c13b0976.jpg,subadult,crestedgeko,,frapuccino,200000.0
202410,6aae1b056ee17e0a63623b9ff0cca625.jpg,subadult,crestedgeko,,frapuccino,250000.0
202410,17661eec2bf95b529dcf60f4a6419e40.jpg,subadult,crestedgeko,,frapuccino,220000.0
202410,7cbf96380f253dd7d560877d05c3aebc.jpg,adult,crestedgeko,,undefined,120000.0
202410,e0c1dff303fa9a6b7331dff0f2497223.jpg,adult,crestedgeko,,undefined,140000.0
202410,767d90a5c4c2c24ce221040804b33b40.jpg,subadult,crestedgeko,,frapuccino,360000.0
202410,2b5106ca4dc6964eec4ea2dbaf48d0e9.jpg,baby,crestedgeko,,frapuccino,170000.0
202410,ea67ca0a4a7f0730ce237268abc5107e.jpg,baby,crestedgeko,,frapuccino,150000.0
202410,fef3a942dca7ab8176749637e08dab3f.jpg,baby,crestedgeko,,frapuccino,150000.0
202410,0b8a5d8d4f38f00df7613cb30b1241a3.jpg,baby,crestedgeko,,frapuccino,170000.0
202410,44cb7c09f8a880840ba715ca30a3b135.jpg,baby,crestedgeko,,cappucino,60000.0
202410,71fb345e30a5a23a912f4f49c04925ee.jpg,baby,crestedgeko,,frapuccino,150000.0
202410,b047b36cbff48c27fdb3e225a2191545.jpg,baby,crestedgeko,,frapuccino,180000.0
202410,fa3b12f488d2a204371524eb8deedc16.jpg,baby,crestedgeko,,frapuccino,180000.0
202410,95e5019774809014069095a76829a8cb.jpg,baby,crestedgeko,,frapuccino,150000.0
202410,a67b5a018666143b4349b5d285771ec6.jpg,baby,crestedgeko,,frapuccino,220000.0
202410,308bf92a50b80f179f9f4b7fae864415.jpg,baby,crestedgeko,,cappucino,140000.0
202410,e468c97914a6c3852f560a944dd5c196.jpg,baby,crestedgeko,,frapuccino,250000.0
202410,d1473272c4e655a00f076c5daa7e550e.jpg,baby,crestedgeko,,frapuccino,250000.0
202410,03c48aa52db4e33b14f66bb3ecdee2bf.jpg,baby,crestedgeko,,frapuccino,220000.0
202410,fd0a8ac86c727391d61f3b020ecb04a3.jpg,baby,crestedgeko,,frapuccino,280000.0
202410,32a77c8b04ecb5e4664ecb117c25d4b8.jpg,baby,crestedgeko,,frapuccino,200000.0
202410,4948f45a1b633d8c0149de6582b34654.jpg,baby,crestedgeko,,frapuccino,200000.0
202410,9be75a861fd562a557479547b34209a1.jpg,baby,crestedgeko,,frapuccino,200000.0
202410,f19e12905c640b8f0402f14221b6fadd.jpg,baby,crestedgeko,,frapuccino,180000.0
202410,3f0da884f8540a91fe4cbb34c03f15b8.jpg,babeadult,crestedgeko,,lily,820000.0
202410,383cae91bccdad46a7550eedb15a1bd0.jpg,baby,crestedgeko,,undefined,30000.0
202410,c2d5c93927d39a8559f7137624c527d2.jpg,baby,crestedgeko,,undefined,25000.0
202410,3d5fb0e9016a78f9e0d58de7c8d3db1a.jpg,baby,crestedgeko,,undefined,30000.0
202410,08d59bf790e4e86d6537266ff6f1c94c.jpg,baby,crestedgeko,,lily,70000.0
202410,c0655886e5fc2f460d5b1cd8153b3fdb.jpg,baby,crestedgeko,,lily,60000.0
202410,c3a072d20614bddf376308fdb645e33c.jpg,baby,crestedgeko,,lily,80000.0
202410,8727237060a31e634731c665391c7304.jpg,baby,crestedgeko,,lily,70000.0
202410,c924cffb8e45d5b8a272e11bec98183a.jpg,baby,crestedgeko,,undefined,25000.0
202410,e7113f3e0ce6136d6cf75c55585d923a.jpg,baby,crestedgeko,,undefined,28000.0
202410,c1b7540f9f463e3975bdfd14fb95e5b8.jpg,baby,crestedgeko,,undefined,25000.0
202410,1ed83c53ae56c714c8fc7765d6031447.jpg,baby,crestedgeko,,undefined,28000.0
202410,c9e5fd2b30dd67c640601cd5395087cf.jpg,baby,crestedgeko,,undefined,28000.0
202410,892a851f792292abc73ce15710a112bc.jpg,baby,crestedgeko,,undefined,22000.0
202410,c79ba25a9bf142072d3a826d3bb0dad4.jpg,baby,crestedgeko,,undefined,25000.0
202410,db98f1fd41458cbebac6a85c742bba36.jpg,baby,crestedgeko,,lily,70000.0
202410,1a26e72ad3c4904ebb9244eadaddce08.jpg,baby,crestedgeko,,lily,70000.0
202410,94f9ae9499b02a4a272c1332aff20872.jpg,baby,crestedgeko,,lily,60000.0
202410,6aaa41921dbb49690e86e9aee9d93300.jpg,adult,crestedgeko,,lily,620000.0
202410,0037c23584f4b6427e77b636dda66b68.jpg,adult,crestedgeko,,lily,560000.0
202410,817f889712fd2813fd3ad69a884bbe7b.jpg,baby,crestedgeko,,undefined,30000.0
202410,0417026ac661305285b157e1aade161e.jpg,baby,crestedgeko,,undefined,38000.0
202410,fd9d86e2b8d6cce8d5a6406feed58617.jpg,baby,crestedgeko,,undefined,25000.0
202410,8152048d32852e3665abbd9ef4b2c698.jpg,baby,crestedgeko,,undefined,25000.0
202410,5d63cfcdeadfbd6385a4a4d795bf8284.jpg,baby,crestedgeko,,undefined,20000.0
202410,c757595eb22486c5d818c33acc9c5455.jpg,baby,crestedgeko,,undefined,22000.0
202410,507fb22a7357aa854ab020a6d9879a1c.jpg,baby,crestedgeko,,undefined,25000.0
202409,0d6d3af3f4e138e57f1bfd8f5065d1ab.jpg,baby,crestedgeko,,cappucino,120000.0
202409,38debaac757f7ffbe8c12d82f21df6bc.jpg,baby,crestedgeko,,cappucino,120000.0
202409,7e78fb07170d9869fd281c8bbcfd520a.jpg,subadult,snake,,undefined,140000.0
202409,9dc6c5f5d7dd0e15698406c933e206fd.jpg,baby,crestedgeko,,cappucino,350000.0
202409,53131c02fd76e8ea1d3248c275e2d03d.jpg,baby,crestedgeko,,undefined,80000.0
202409,aa89385d502a691751a375b03e22dfb8.jpg,baby,crestedgeko,,undefined,68000.0
202409,3c88c0fab6b8fcbb3200688a6e3b2402.jpg,baby,crestedgeko,,undefined,72000.0
202409,08fbf3cba30a72a0cb2578be63a8c30c.jpg,baby,crestedgeko,,undefined,28000.0
202409,b1163ce9fa363b8a090345bc92148290.jpg,baby,crestedgeko,,undefined,38000.0
202409,45fd1e30d3a3e407dad723cd7271af8e.jpg,baby,crestedgeko,,undefined,48000.0
202409,eda2b6e291734406d38522b195c4e045.jpg,baby,crestedgeko,,undefined,30000.0
202409,f0c3e78c91b6d3c6bcca928ef1f37657.jpg,baby,crestedgeko,,undefined,30000.0
202409,43aa3e3fdb55b4d11f0adf79930da922.jpg,baby,crestedgeko,,undefined,28000.0
202409,7cd1d9d437223dd57c52ce31308b846e.jpg,baby,crestedgeko,,undefined,40000.0
202409,1569277c4d0b46f0b945399fa066d672.jpg,baby,crestedgeko,,undefined,25000.0
202409,b9811ea44f5ef5a8efa83413068ad583.jpg,baby,crestedgeko,,undefined,40000.0
202409,f439fd61e72c6f9b416d0644f0f8a39a.jpg,baby,crestedgeko,,undefined,30000.0
202409,c7fb859c21a02ce50f18b4ce4a72867c.jpg,baby,crestedgeko,,undefined,22000.0
202409,4ff03f1d2d71140307d32479c043f8e8.jpg,baby,crestedgeko,,undefined,30000.0
202409,abcfbc47e227f1bc772cc5b86eb4c7bc.jpg,baby,crestedgeko,,undefined,30000.0
202409,2923a3915dec973eb2ff8afae73c47fd.jpg,babeadult,crestedgeko,,lily,140000.0
202409,31e2d6d5a5416100b6ebabb0f47c5224.jpg,subadult,leachianus,,undefined,1000000.0
202409,fecee1d8231d154dfacdb7168d857bc7.jpg,baby,crestedgeko,,undefined,35000.0
202409,98cf6391c4b39621a7010e27877dbd3a.jpg,baby,crestedgeko,,undefined,60000.0
202409,fd22a61c2d6dc5df380d69b51f46ea54.jpg,baby,crestedgeko,,undefined,25000.0
202409,40e3599ee8e9999b6dca9924c1f6f5a1.jpg,baby,crestedgeko,,undefined,60000.0
202409,ea36248ac937d618dea2f43764bb35a9.jpg,adult,crestedgeko,,lily,470000.0
202409,0522bcb9512bd8c39fa79397c5d06121.jpg,baby,crestedgeko,,undefined,36000.0
202409,5b7ac850396f2913dfb1c8745771e280.jpg,baby,crestedgeko,,undefined,32000.0
202409,7395331a8bc1ebf289d9d773a31d2c0b.jpg,baby,crestedgeko,,undefined,34000.0
202409,8a56b8d5552d56596084a5538fa52fe8.jpg,baby,crestedgeko,,lily,70000.0
202409,222b297bb7815e9276a049f04dcc8ab5.jpg,baby,crestedgeko,,cappucino,140000.0
202409,eab2e6c08050a795b165a8676a220c7e.jpg,baby,crestedgeko,,frapuccino,260000.0
202409,4bf477988df6c6dec4d37fa56aacc4ff.jpg,adult,geko,,undefined,120000.0
202409,1caab053609c5041703daee91673fa34.jpg,adult,crestedgeko,,undefined,140000.0
202409,e7085b7b4d3e5155a07adc0fe9494066.jpg,adult,crestedgeko,,undefined,170000.0
202409,e4220840017f1aebe217aa0d7d206fa3.jpg,adult,crestedgeko,,undefined,170000.0
202409,2692b775e3904f72ff604a93d94edd04.jpg,adult,crestedgeko,,undefined,180000.0
202409,f883fd5aac988acd3ed248f431f6f7f3.jpg,adult,crestedgeko,,undefined,190000.0
202409,e35bf722771984181114f251098d6ef8.jpg,adult,others,,undefined,140000.0
202408,b1a683fe9d3154e179a6938a2d869c0e.jpg,baby,crestedgeko,,undefined,42000.0
202408,d67a97cf2cffee1279e5264ec53c0e67.jpg,baby,crestedgeko,,undefined,45000.0
202408,4a6a00b32a6feb95d7ea7ab187e8f120.jpg,baby,crestedgeko,,undefined,25000.0
202408,7d8373452fbde7b86876e25c50409042.jpg,baby,crestedgeko,,undefined,68000.0
202408,ef13296432585e8660195af1833b92fa.jpg,baby,crestedgeko,,undefined,38000.0
202408,f1dc72ce39b0671af52ded6d6f72db9e.jpg,baby,crestedgeko,,undefined,28000.0
202408,47bb4f51ebf864c9d6e389d4519fcc55.jpg,baby,crestedgeko,,undefined,35000.0
202408,06dbceb24d99de78d01f6768d96ce2fd.jpg,baby,crestedgeko,,undefined,25000.0
202410,f94720fedbeac5ce4c9ab26508ae8813.jpg,babeadult,crestedgeko,,lily,460000.0
202408,5688918419f96712e8ebb0d3c5f72c4a.jpg,babeadult,crestedgeko,,lily,250000.0
202410,88d41db73286a52e87d5a94e88c4fa63.jpg,babeadult,crestedgeko,,lily,280000.0
202408,6edbbaa9c988e4510c8df96e15963b94.jpg,baby,crestedgeko,,lily,90000.0
202408,09e2f3d1ee90c9575e4778b54c2330ce.jpg,baby,crestedgeko,,lily,60000.0
202408,97cc267e32a7eb04abc7ae911623d278.jpg,baby,crestedgeko,,lily,70000.0
202408,7776f1f2015ac1d2a33cf863a49f1f26.jpg,baby,crestedgeko,,undefined,40000.0
202408,ebaf560ee67d11bc18904da930931f9c.jpg,baby,crestedgeko,,undefined,43000.0
202408,1dca1d622d77841d678e435a383cdbe5.jpg,baby,crestedgeko,,undefined,58000.0
202408,6ba0165faf4eafa50f4602d0d72a11b0.jpg,baby,crestedgeko,,undefined,68000.0
202408,d700b046ac9a2a3841cea62a6c27d6c1.jpg,baby,crestedgeko,,undefined,62000.0
202407,a660cdc365152a63bff2e13924240abe.jpg,baby,crestedgeko,,lily,70000.0
202407,759e74f83454c710e477836da5d1026e.jpg,baby,crestedgeko,,undefined,30000.0
202408,7841bdb8d726f20e28278791fe7938b9.jpg,babeadult,crestedgeko,,frapuccino,680000.0
202411,eec72c901942b657243a03c642ca9697.jpg,baby,geko,,stripe,70000.0
202406,f587404e397fe600b158bb22d1d31fee.jpg,baby,crestedgeko,,undefined,60000.0
202406,c558ffe9a9899208bb6bf0376c9373a9.jpg,baby,crestedgeko,,undefined,80000.0
202405,1a88a3a0ba01a78910dcffb9dcab5670.jpg,baby,crestedgeko,,undefined,90000.0
202405,371293eb98a65f532467f4ea3bae32ab.jpg,baby,crestedgeko,,undefined,90000.0
202405,0e797279e509a8aecc518bf7247b9408.jpg,adult,snake,,undefined,160000.0
202405,b17188f8576a3c87060f0f9a4a9a5c7e.jpg,undefined,geko,,undefined,44000.0
202405,8e141def1de93172159a58748120ec22.jpg,undefined,geko,,undefined,25000.0
202405,1c63e8e6120a5bfaf9a6258bf0b101c0.jpg,baby,crestedgeko,,lily,80000.0
202404,d71cfe789cf5c8ebc0e1f2b65f399a6e.jpg,adult,Chahoua,,undefined,250000.0
202404,d6725d4ea7e5c372ce20c3e9318ecc9d.jpg,subadult,turtle,,undefined,100000.0
202403,4befbd1dac595649ed97aeb93edbc8e0.jpg,adult,geko,,undefined,120000.0
202408,0436d3fcb7bb72ac761960fd0e40ff4b.jpg,subadult,crestedgeko,,undefined,380000.0
202407,ac27661755991e8553fca0b16cc9c847.jpg,babeadult,gagole,,undefined,220000.0
202407,9188c514cda0953b06576a2ed3ebda9d.jpg,babeadult,gagole,,undefined,220000.0
202407,149883537d40ac241674672d93b052de.jpg,babeadult,gagole,,undefined,220000.0
202311,5816d33ba6b9121230b5916271fbdfb1.jpg,undefined,snake,,white,270000.0
202307,db3dc4976b3c4213fdc931de94e9514f.jpg,undefined,snake,,undefined,150000.0
202307,0ac78f86bf64007ec65d211e0ed513a6.jpg,undefined,snake,,undefined,100000.0
202307,217a963f13db154c542812fa26b66968.jpg,adult,beardydragon,,red,1090000.0
202307,014a170beadab307bf27ee21c5290e5e.jpg,adult,beardydragon,,red,990000.0
202305,7dd91e992047766d98623d40754dc4a7.jpg,undefined,others,,undefined,30000.0
202404,94022fb2722b0fbd3cd2e239395c481b.jpg,undefined,skink,,undefined,24000.0
202212,250c043042293a890c1819c41c60ebb6.jpg,babeadult,Chamaeleon,,undefined,480000.0
202204,389775fb031be7f68dd30ed56d67db1a.jpg,undefined,skink,,undefined,850000.0
202410,b5db49aef232b0a9d9c1a8aeb133bd14.jpg,undefined,beardydragon,,undefined,80000.0
202411,7d833f3f2fe13cb30ee859f5a353d4f4.jpg,baby,crestedgeko,,lily,60000.0
202411,bf813fc7c7a56d983a5ae9c66ea4171f.jpg,baby,crestedgeko,,lily,100000.0
202411,136ba5a1c740132cb52530b3090f7a41.jpg,baby,crestedgeko,,lily,80000.0
202411,afc1e72cd7b68f034450128f3ee4820a.jpg,baby,crestedgeko,,lily,60000.0
202411,0bfae9596a011cce469acf197d22ae28.jpg,baby,crestedgeko,,undefined,80000.0
202411,4414030daca12a65f17e179ed93c6a5d.jpg,baby,crestedgeko,,lily,90000.0
202410,aa729cb9cb34ed45645f81a95fc6596f.jpg,adult,crestedgeko,,undefined,160000.0
202410,0f472efcb683e87b3e7a080c561c7078.jpg,baby,crestedgeko,,frapuccino,280000.0
202410,0f9e1c44024076def5cfcfc1428bc7b4.jpg,baby,crestedgeko,,frapuccino,150000.0
202410,2febcab6274d040a9ce8880b89610287.jpg,baby,crestedgeko,,undefined,25000.0
202410,9be76cf61b3ba9cf62687e80e5264b96.jpg,baby,crestedgeko,,lily,80000.0
202410,2cf5324f2258a0c65033718a005017c6.jpg,baby,crestedgeko,,lily,60000.0
202410,cde66e03eee9ac4c2987406f77031037.jpg,baby,crestedgeko,,lily,70000.0
202410,01de34b0333408697afa87e745f2908a.jpg,baby,crestedgeko,,lily,70000.0
202410,91f8601e9947921855ca72976d0c6722.jpg,baby,crestedgeko,,lily,70000.0
202410,ac111e5fe892274c5db3ed6d177ad375.jpg,baby,crestedgeko,,lily,100000.0
202410,6aaa3944206e05cd6e2c80a608e4a059.jpg,baby,crestedgeko,,lily,80000.0
202410,865bff3d245c6f248e0187c6422f5f91.jpg,baby,crestedgeko,,undefined,25000.0
202410,2473a545369119c90d4231c59fb6ef34.jpg,baby,crestedgeko,,undefined,18000.0
202410,981331cd3cf1811b5505bd16c7ac839a.jpg,baby,crestedgeko,,lily,70000.0
202410,03ae91406bd27c1f701aa72ea1eb0f69.jpg,baby,crestedgeko,,lily,65000.0
202410,a315062b94b02bd1aa9313830d8e29df.jpg,baby,crestedgeko,,lily,60000.0
202410,f2aaf0966a19bd21676d3df7d4b8c12a.jpg,baby,crestedgeko,,lily,70000.0
202410,2e42e885235bf381b702f621fc3e278f.jpg,baby,crestedgeko,,lily,70000.0
202410,31ed433936af388cd2eda86775412bff.jpg,baby,crestedgeko,,lily,90000.0
202410,524f27eea0cfc9370e4b7cd2884da3a4.jpg,baby,crestedgeko,,lily,100000.0
202410,c647cc113520d75a0dfb88b715777d59.jpg,baby,crestedgeko,,lily,80000.0
202410,05925a93e14defebe1f16cce9fedd74a.jpg,baby,crestedgeko,,lily,60000.0
202410,2bd0b894aad539bc76ec7aa72feaaca7.jpg,baby,crestedgeko,,lily,60000.0
202410,149b3052351b66ba81df309bcc49efcf.jpg,baby,crestedgeko,,lily,70000.0
202410,68b806ec69d5443acb4f689c42155b76.jpg,baby,crestedgeko,,lily,60000.0
202410,f2b73cd9ddb899d987ceb2559401d655.jpg,baby,crestedgeko,,lily,70000.0
202410,0607c49cac884b60fc3d761da96ad7a9.jpg,baby,crestedgeko,,undefined,20000.0
202410,677fd971570bd8c791f74ba995bc53ff.jpg,baby,crestedgeko,,undefined,30000.0
202410,9e19e3619f1803a5d8cb6ea87444d3ab.jpg,baby,crestedgeko,,undefined,25000.0
202410,18bbdc0c06f0af1cb98bce87c9720455.jpg,baby,crestedgeko,,undefined,42000.0
202410,310c16d8d3d6fa0edec1e940d43c448a.jpg,baby,crestedgeko,,undefined,30000.0
202410,d0191e57226dbcac7bd92b98bd4b3698.jpg,baby,crestedgeko,,undefined,30000.0
202410,47312742c2fcbba8def424fad1675737.jpg,baby,crestedgeko,,undefined,30000.0
202410,d9b8dcf63faed6a9812944b85df3502e.jpg,baby,crestedgeko,,undefined,20000.0
202410,c50ee3feca9d4fec2b370f37d8deda6b.jpg,baby,crestedgeko,,undefined,18000.0
202410,d10e44a4251a4b6f6b5772305a754424.jpg,baby,crestedgeko,,undefined,35000.0
202410,6f1cba51a13541b9d870fd62693b67c1.jpg,baby,crestedgeko,,undefined,25000.0
202410,aa2706c380f2150df33149e9009adf67.jpg,baby,crestedgeko,,undefined,22000.0
202410,16210c61d4fbf85547d2b1d8cb503a1f.jpg,baby,crestedgeko,,undefined,25000.0
202410,41301983698a898f8903c94f8ce0ceff.jpg,baby,crestedgeko,,undefined,25000.0
202410,9ec856f0f86e2f6a928976d27a07f1e6.jpg,baby,crestedgeko,,undefined,30000.0
202410,c97ab533f5667de57fabadaae7430edd.jpg,baby,crestedgeko,,undefined,30000.0
202410,51809f0ddba7347e545c4aa52f200709.jpg,baby,crestedgeko,,undefined,30000.0
202410,8b4e470a61057daf08c5ed46fef5c446.jpg,baby,crestedgeko,,undefined,30000.0
202410,e685b8c00559ffb055411e6b27ded080.jpg,baby,crestedgeko,,undefined,22000.0
202409,29a2224408e5cbddb64af4f3e05e2a11.jpg,baby,crestedgeko,,lily,68000.0
202409,90170d14d2a05a2da5a9afcd67dcbc73.jpg,baby,crestedgeko,,undefined,80000.0
202409,3b01928443aa3b58586996ea50d1010e.jpg,baby,crestedgeko,,undefined,60000.0
202409,740ea5addd0bb5b1c0ca21680b29716d.jpg,baby,crestedgeko,,undefined,120000.0
202409,6498b6a6dad22e5ab5e9839a8ebfb819.jpg,baby,crestedgeko,,undefined,45000.0
202409,afc85514879f73980d33b363639abcbc.jpg,baby,crestedgeko,,undefined,80000.0
202409,d0410c2eb1a273d8a2086fc8e4575930.jpg,baby,crestedgeko,,undefined,45000.0
202409,85519a5480a4c7f53b149cd50d541fcf.jpg,baby,crestedgeko,,undefined,30000.0
202409,805393537cab0926c3752cfa483ee74e.jpg,baby,crestedgeko,,undefined,25000.0
202409,ed5eed294f871f6e1e0e019d6b437e85.jpg,baby,crestedgeko,,undefined,30000.0
202409,0699281fa58a3c0d0d70c3f98ee6e7dc.jpg,baby,crestedgeko,,undefined,48000.0
202409,2f86303a0f9e06453fe489e5f79a2a9d.jpg,baby,crestedgeko,,undefined,25000.0
202409,8c27fdfe6cf53074025d66fa12c2d74c.jpg,baby,crestedgeko,,undefined,28000.0
202409,86e69ac7564b3b6bd41bc4f436b507ca.jpg,baby,crestedgeko,,undefined,20000.0
202409,9ce46c3730010a93d0796782adb4105a.jpg,baby,crestedgeko,,undefined,45000.0
202409,18af7a55b2e3f696dd0e49ac284770b4.jpg,baby,crestedgeko,,undefined,26000.0
202409,edbd93c7f6a45e5a8b2122209c171220.jpg,baby,crestedgeko,,undefined,25000.0
202409,563366cac3221c3179bb7278e92dcc30.jpg,baby,crestedgeko,,undefined,45000.0
202409,fbfa4e950fbbd0b43775398976265276.jpg,baby,crestedgeko,,lily,60000.0
202409,e60bfd9d1e8eefebf4164251e99e3bb7.jpg,baby,crestedgeko,,undefined,20000.0
202409,3dd0b543463817a69afbf7051fda0e79.jpg,baby,crestedgeko,,undefined,20000.0
202409,ec72025c2fdbec30e2aa672da1701052.jpg,baby,crestedgeko,,undefined,25000.0
202409,89de8c1eadd638a6b3a92543b815fbeb.jpg,baby,crestedgeko,,undefined,35000.0
202409,649a110d9a611bdd60330de378658569.jpg,baby,crestedgeko,,undefined,20000.0
202409,5904269704bd22a06317514075d9baad.jpg,baby,crestedgeko,,undefined,35000.0
202409,8a2560d9b549db5d4a1701f392d207a7.jpg,baby,crestedgeko,,undefined,35000.0
202409,a285678bf4387a03bc7ece2bb67b3977.jpg,babeadult,crestedgeko,,lily,120000.0
202409,5cf2e81ad60ac598251465670554ef99.jpg,baby,crestedgeko,,lily,70000.0
202409,d312c58746f527e3d616e1c7fcf16df8.jpg,baby,crestedgeko,,lily,90000.0
202409,383525f823e91efb0e2fcff1b6ce3d3e.jpg,baby,crestedgeko,,lily,60000.0
202409,769c5a3297b84b4fef05cdb8f8040c8b.jpg,baby,crestedgeko,,lily,90000.0
202409,73c3d4c6e4f529149f5dbd287123d8d7.jpg,baby,crestedgeko,,lily,70000.0
202409,9e93c698fe0a8157f5112b31c8657c4f.jpg,adult,crestedgeko,,undefined,180000.0
202409,57091a5f6de9485dc593b24c1413b055.jpg,adult,crestedgeko,,undefined,80000.0
202409,be17c5a2575b0d94d98060c82af5fca4.jpg,adult,crestedgeko,,lily,120000.0
202409,e914f3f0b39bde16af7dfce6597c5262.jpg,babeadult,crestedgeko,,lily,60000.0
202409,665838134c33d22967c6847e376fa794.jpg,baby,crestedgeko,,lily,60000.0
202409,3d900afcb0fde448aa4e208906ad84c9.jpg,baby,crestedgeko,,lily,80000.0
202409,c4f4ffc2cf89844911034a907fa83c18.jpg,baby,crestedgeko,,lily,68000.0
202409,01442690b19402ef06f0acaf8199ccd0.jpg,baby,crestedgeko,,undefined,22000.0
202409,eac553eb97dd3335a4c82926b6b085d3.jpg,baby,crestedgeko,,undefined,36000.0
202409,c9c541abaa909da245aa07fc73bc9d1d.jpg,baby,crestedgeko,,undefined,34000.0
202409,c4b6ceab6c47221bb240e7522bd681f2.jpg,baby,crestedgeko,,undefined,28000.0
202409,491c3dc91d8ac318c381d59dd677faba.jpg,baby,crestedgeko,,undefined,28000.0
202409,ebdd2ccfd36b2beac6707eb18ca17a6b.jpg,baby,crestedgeko,,undefined,36000.0
202409,949162b498dab39b039385cfff0f4b83.jpg,baby,crestedgeko,,cappucino,120000.0
202409,ce6a7f712bbd0cb7c185843cf997400c.jpg,baby,crestedgeko,,undefined,37000.0
202409,66931629679f493ade2bd8ff9169dc3f.jpg,baby,crestedgeko,,undefined,35000.0
202409,13ba7d41e0ff7fe843499a5809fbdd94.jpg,baby,crestedgeko,,lily,90000.0
202409,31d2688735bbd02d88adf560d614302c.jpg,baby,crestedgeko,,lily,65000.0
202409,354f9e0caf6536714571e20b0234e785.jpg,baby,crestedgeko,,lily,65000.0
202409,f1d6ced0b77da8a5defcbfad3717e774.jpg,baby,crestedgeko,,lily,70000.0
202409,3d0b4abc21021fb6d2cc0202bee0e469.jpg,baby,crestedgeko,,lily,80000.0
202409,1db35d48a86672402f0c6e23613206eb.jpg,baby,crestedgeko,,lily,120000.0
202409,782fda5b2e5443be8e1c9cf7c794030c.jpg,baby,crestedgeko,,lily,120000.0
202409,aca7d68478b3e836a93a51b6ea30bd61.jpg,baby,crestedgeko,,cappucino,140000.0
202409,6310c1f1cb710f22b98b7ee240f19b6d.jpg,babeadult,crestedgeko,,cappucino,180000.0
202409,1b4b85adb4ca895e4ea69b13fefd5c2d.jpg,baby,crestedgeko,,frapuccino,340000.0
202409,2158dda84aa7d979c19748fac2cd9040.jpg,baby,crestedgeko,,frapuccino,320000.0
202409,0ae629507d37d30b872e1268cf9e34a2.jpg,babeadult,crestedgeko,,frapuccino,360000.0
202409,f0ca0cc66eeb7f291e3d980270ec7108.jpg,adult,crestedgeko,,undefined,30000.0
202409,a8f8989b48c4b7ad343819ec488d454d.jpg,baby,crestedgeko,,lily,60000.0
202409,e4e94d7a1ae42fafc3a60c94781e2e5b.jpg,baby,crestedgeko,,undefined,20000.0
202409,3d43f692fd30177adbe25b63a6ac57da.jpg,baby,crestedgeko,,undefined,20000.0
202409,c7e97929f74e072184fb32719b43757a.jpg,baby,crestedgeko,,undefined,25000.0
202409,251a1bb947b31f788c575a90704a2117.jpg,baby,crestedgeko,,undefined,20000.0
202409,1b7417f5884e16389ef9f87f638eca30.jpg,baby,crestedgeko,,undefined,52000.0
202409,39b692e550bd74d2fd212a1399ad0a9f.jpg,baby,crestedgeko,,undefined,48000.0
202408,bce2bb06eec6b834efc1ba4474f96b16.jpg,baby,crestedgeko,,undefined,28000.0
202408,d98fe455a3e18da5f8ce6008d1906670.jpg,baby,crestedgeko,,lily,48000.0
202408,3db072791c65dc29ac0d2d932b0f1fc6.jpg,baby,crestedgeko,,lily,60000.0
202408,02df87fb07ef2a3dac871a0865e122d1.jpg,baby,crestedgeko,,lily,80000.0
202408,0b3d63a924c0860fd1464d27f25157fb.jpg,baby,crestedgeko,,lily,56000.0
202408,5cc58377bff1231b3a31055269743679.jpg,baby,crestedgeko,,lily,42000.0
202408,924dce4ebf9fc3571e1e51652b51fb97.jpg,baby,crestedgeko,,undefined,22000.0
202408,6b6b8e637e6e211a2342a92ea4b6c680.jpg,baby,crestedgeko,,undefined,35000.0
202408,4fb933c9528fabf15ca39bec0ef0cb52.jpg,baby,crestedgeko,,undefined,35000.0
202408,7863ff0e28a907a514fa4cb9b63a0033.jpg,baby,crestedgeko,,undefined,25000.0
202408,4cf56089b84528643ff6b9bc39ad4e67.jpg,baby,crestedgeko,,cappucino,90000.0
202408,4a27d9f77447d745a448dbad136d8a31.jpg,baby,crestedgeko,,cappucino,80000.0
202408,2573fbcddbd41ab1906bea4d929dff41.jpg,baby,crestedgeko,,cappucino,90000.0
202408,f7a1cc77b75fe1700ead97a0d93a1995.jpg,baby,crestedgeko,,cappucino,100000.0
202408,0788448a93028b200a9db8403b90bca2.jpg,baby,crestedgeko,,cappucino,80000.0
202408,99a426a92d9c3e382c8f6877f05d0b4d.jpg,baby,crestedgeko,,cappucino,130000.0
202408,2cba5f665e937e2b2dc602b57ab29529.jpg,baby,crestedgeko,,cappucino,140000.0
202408,80bcda1c896cac24584dde242dedd61a.jpg,subadult,beardydragon,,dark,950000.0
202408,93d554215677a958ae8ea52068d6a66b.jpg,babeadult,crestedgeko,,undefined,140000.0
202408,ae8bf8ab283ad1cbaa4d34f7a07de14f.jpg,subadult,crestedgeko,,frapuccino,300000.0
202408,ff37d8290a22696e0ec6199e5bb16dea.jpg,baby,crestedgeko,,undefined,25000.0
202408,910564f3b270cb27b3e22648b9103eef.jpg,baby,crestedgeko,,undefined,30000.0
202408,c96c1a5e0d573bee040ce410565ab5bf.jpg,baby,crestedgeko,,undefined,30000.0
202408,0ece16a1ec215ea0beeda4ae93dbaeaf.jpg,baby,crestedgeko,,undefined,22000.0
202408,7e6ce1dee304d51eef627fe8380c2a24.jpg,baby,crestedgeko,,undefined,42000.0
202408,717e0407d130a38779c1f58979b30531.jpg,baby,crestedgeko,,undefined,20000.0
202408,94b847c5980098372df2f78aeeb73ac6.jpg,baby,crestedgeko,,undefined,28000.0
202408,0a99900aad10ae8410423e4c245a63ca.jpg,baby,crestedgeko,,undefined,20000.0
202408,4f5643caf4d5ea7b8360b768bc46dde3.jpg,baby,crestedgeko,,undefined,25000.0
202408,50a5d5cb7af7bd36515a24ac68dfce6b.jpg,baby,crestedgeko,,undefined,22000.0
202408,97f1354cfbc71d4e4f96a91448150625.jpg,baby,crestedgeko,,undefined,28000.0
202408,ad02827653e6cfa1587663b8dae39001.jpg,baby,crestedgeko,,undefined,22000.0
202408,4fd7a898d48aae5464172782785950de.jpg,baby,crestedgeko,,undefined,22000.0
202408,5854961493a96612b5f0f5d528ef3ae2.jpg,baby,crestedgeko,,undefined,22000.0
202410,c709b23e5e6fe20d6a93f91ffec7e41e.jpg,babeadult,crestedgeko,,undefined,260000.0
202408,70db69a8588b7bfb7b5afde6b12aa389.jpg,baby,crestedgeko,,lily,480000.0
202408,3fc5ca90a9e7053f91580df808c7bb0b.jpg,baby,crestedgeko,,lily,200000.0
202408,22ab66153b0c56936df6a0fcba9d67dd.jpg,baby,crestedgeko,,spotless,30000.0
202408,42f4663df2607b8ff95040473400610f.jpg,undefined,leopard,,undefined,40000.0
202408,f1d5e444675f15c4672f8594acee2468.jpg,undefined,leopard,,undefined,60000.0
202408,e2a9cf2ee7c1e3b5f83a2864d7c37821.jpg,undefined,leopard,,undefined,60000.0
202408,4c32499bbc38402f5d92a03b3c99d949.jpg,undefined,leopard,,undefined,60000.0
202408,0c3379e3b437863e9cf768015834ed49.jpg,undefined,leopard,,undefined,70000.0
202408,264be6e1d72e11932cf31bfb9bdb2c2b.jpg,undefined,leopard,,undefined,70000.0
202408,ec05084c113f6c6666d716e34c9e9a7d.jpg,undefined,leopard,,black,90000.0
202408,4ed3ec51188ea299cc3b29802a2fa2df.jpg,baby,crestedgeko,,lily,70000.0
202408,683013bc245213332b00b19a58cd6d60.jpg,baby,crestedgeko,,lily,60000.0
202408,1e86d4f8a93b8b8122790e547cbf4fc4.jpg,baby,crestedgeko,,lily,60000.0
202408,4247261a3f5ca7aaa2bc2037bef9001e.jpg,baby,crestedgeko,,lily,70000.0
202408,054171a13870e9ba1d6dfe04b80a9c64.jpg,baby,crestedgeko,,lily,80000.0
202408,a8415882cff7279b06fc7d5f4d64a43a.jpg,baby,crestedgeko,,lily,80000.0
202408,78628e1c44f8cd28ba6d7f005b24bb0c.jpg,baby,crestedgeko,,lily,130000.0
202408,2abcecb8180c198e6ba1e786c6add079.jpg,baby,crestedgeko,,lily,140000.0
202408,cc1985d25052b05699e97ee2f1583c86.jpg,baby,crestedgeko,,lily,100000.0
202408,d0f5eda59c9f0d438ca0e7d19c3ee66b.jpg,baby,crestedgeko,,undefined,32000.0
202408,140c84b413d486ac3ea316be4e411a1e.jpg,baby,crestedgeko,,undefined,38000.0
202408,773751d3ffdf6b018785eadba11d2808.jpg,baby,crestedgeko,,undefined,38000.0
202408,4685a0d1bba3e555cd1e30b860cb33f3.jpg,baby,crestedgeko,,undefined,28000.0
202408,ad2aef946f5435fdbffe7a970d216354.jpg,baby,crestedgeko,,undefined,40000.0
202408,06dec7fb6aa37bed1d6d3af12cac5499.jpg,baby,crestedgeko,,cappucino,160000.0
202408,06f7ec4bdec3f1ded3dd39026705a753.jpg,baby,crestedgeko,,undefined,32000.0
202408,047dd2654d078930b9173ce5eb70582a.jpg,baby,crestedgeko,,undefined,20000.0
202408,3fe0e6ed1d52ee269768341195397f64.jpg,baby,crestedgeko,,undefined,42000.0
202408,dc8ab6696e4bfb75a310b99c4121f10b.jpg,baby,crestedgeko,,undefined,22000.0
202408,70cacd14fe010a72d25373bd08ca15e4.jpg,baby,crestedgeko,,undefined,25000.0
202408,e413692296ec278cc95a750b2b7c86ae.jpg,baby,crestedgeko,,undefined,30000.0
202408,80e732dc94b8bd84a2c0ac7e6baea0ef.jpg,baby,crestedgeko,,undefined,25000.0
202408,445a09d0da648f7927241a81e836ede0.jpg,baby,crestedgeko,,undefined,25000.0
202408,57f599625c014e05b65f8c43b89cfdf7.jpg,baby,crestedgeko,,lily,280000.0
202408,46ccd73c6993d3f8a5110270cccbf61a.jpg,baby,crestedgeko,,undefined,38000.0
202408,8467457b1e38e931d949607718ee4784.jpg,baby,crestedgeko,,undefined,60000.0
202408,a5aae869b18b1853aa1998ca45c5c641.jpg,baby,crestedgeko,,undefined,25000.0
202408,6f1971b9da6dad6d21f0faa1f90c6b57.jpg,baby,crestedgeko,,undefined,22000.0
202408,6945d7a4ca0071ab03fe1e4246c27fe7.jpg,baby,crestedgeko,,undefined,22000.0
202408,d30076654db5f33ace0617eac9979447.jpg,baby,crestedgeko,,undefined,25000.0
202408,3acd35479c48ce1ff3f7e3fcbf2d7cc9.jpg,baby,crestedgeko,,undefined,21000.0
202408,546b36fc0413d921a5b1afd152526e45.jpg,baby,crestedgeko,,undefined,22000.0
202408,cf89cf4635ca04b7cd338f359adad515.jpg,baby,crestedgeko,,undefined,40000.0
202408,ef27ae183ccd34a74f8129b9fe223091.jpg,baby,crestedgeko,,undefined,60000.0
202408,13a6b12bf738133d56a4dd1c43ba1005.jpg,baby,crestedgeko,,undefined,28000.0
202408,c7d95ed61f75969a12e984795401ab94.jpg,baby,crestedgeko,,undefined,60000.0
202408,754f792405c710d7bfebaee863d962f8.jpg,baby,crestedgeko,,lily,40000.0
202408,61a46108fbc78dd4944a8004076a6105.jpg,baby,crestedgeko,,lily,35000.0
202408,1f97caa9d793452722081ecc7c64accb.jpg,baby,crestedgeko,,undefined,25000.0
202408,79afdddddb1a91c8b9244e6a40ec2f08.jpg,baby,crestedgeko,,undefined,25000.0
202408,a6da8edc9ef3dd371db8b56812bb176e.jpg,baby,crestedgeko,,undefined,22000.0
202408,e1a6605716bb4aaf6dac1a5b82912bb3.jpg,baby,crestedgeko,,undefined,20000.0
202408,df3ec2ea0dd012962cca7b15a46e9bbf.jpg,baby,crestedgeko,,undefined,60000.0
202408,73e833c9068a87204686838585511f65.jpg,baby,crestedgeko,,undefined,20000.0
202408,26a60b77aadf20106c9a449f4a2fdace.jpg,baby,crestedgeko,,undefined,20000.0
202408,56f4117a3a2388839018f070cecc82f5.jpg,baby,crestedgeko,,undefined,30000.0
202408,eb69548ed6ceb2c8dfed6d77ae5644dd.jpg,baby,crestedgeko,,undefined,35000.0
202408,c1d8570af938ffddc421070dac08676e.jpg,baby,crestedgeko,,undefined,30000.0
202408,497a3194ba1acdf7fd8a38aa06a0dcb1.jpg,baby,crestedgeko,,undefined,22000.0
202408,90dd8938d1c99293ebbab69eeebb8e37.jpg,baby,crestedgeko,,undefined,24000.0
202408,8b68beff900a885c2adf1a7385da850d.jpg,baby,crestedgeko,,undefined,26000.0
202408,abe6c9a731e42e3406f566e40aeb9883.jpg,baby,crestedgeko,,undefined,26000.0
202408,ef771bd8f837d0b3e0c33fde8a4718a9.jpg,baby,crestedgeko,,undefined,24000.0
202408,8abab4f66bfc69dc71db072cbd85f185.jpg,baby,crestedgeko,,undefined,60000.0
202408,92aaa1f641a913da1a463d567ad61a81.jpg,baby,crestedgeko,,undefined,36000.0
202408,9460a93b534bd204e8a111700caf1d26.jpg,baby,crestedgeko,,undefined,36000.0
202408,c5f83fed596da8cf40a75e7f04ab8921.jpg,babeadult,crestedgeko,,lily,140000.0
202408,531d7b7b2313e5fdaa4073ce62db3253.jpg,baby,crestedgeko,,undefined,100000.0
202408,8459135677dbfb56a3c35970405ee9ef.jpg,babeadult,crestedgeko,,undefined,180000.0
202408,f4f3447d6cbc6557d231419fb0df1dfd.jpg,babeadult,crestedgeko,,undefined,140000.0
202408,ef753d5ab828de6d35dcfa8f28615ba3.jpg,baby,crestedgeko,,undefined,100000.0
202408,a2dd9929508c80e71e7fa37b110df09e.jpg,baby,crestedgeko,,undefined,120000.0
202408,6929ec4236af3bf5906346c555f95af6.jpg,baby,crestedgeko,,lily,50000.0
202408,848ba5aca8f48794398be0f7bd300e0c.jpg,baby,crestedgeko,,lily,160000.0
202408,88d21f07038f16b4bdbfd1fb6bbe9622.jpg,baby,crestedgeko,,lily,180000.0
202408,e29f41afcf7ddf8b34ae9ae952069966.jpg,undefined,others,,undefined,550000.0
202408,6935a49c7b455f3edff66a3f2943386d.jpg,undefined,crestedgeko,,green,46000.0
202408,19168280333f75a879ea00d0d170c663.jpg,undefined,others,,undefined,340000.0
202408,38ed1601a67c3e5124eedff193003822.jpg,undefined,geko,,undefined,200000.0
202408,91da847ea62cbd210671ee119aaafdbf.jpg,adult,crestedgeko,,dalmatian,120000.0
202407,5236fcd18ab4d6731bcbb818228f4b4b.jpg,undefined,geko,,green,85000.0
202407,5e666a98e74d8b8732ab7ad2713aeb08.jpg,baby,crestedgeko,,undefined,28000.0
202407,551fa02be8adfa72d4f02ad23cd8adc0.jpg,baby,crestedgeko,,undefined,24000.0
202407,0f7adca3e09da5b49d39a6b86cb02429.jpg,baby,crestedgeko,,undefined,28000.0
202407,4781f5433b7cc106d887793609ceff5b.jpg,baby,crestedgeko,,lily,220000.0
202407,58bd0b285eef7ac3a27c1f283f1669f8.jpg,baby,crestedgeko,,lily,160000.0
202407,e568d0dd367fdd52baefeac3b94de788.jpg,baby,crestedgeko,,lily,180000.0
202407,06dd75ec9c660d72c7be7ee08465056c.jpg,baby,crestedgeko,,lily,180000.0
202407,3a78798c2a60a1bf296431cba6d69211.jpg,baby,crestedgeko,,undefined,28000.0
202407,6f265693623555c60f746df09f7a0cba.jpg,baby,crestedgeko,,lily,38000.0
202407,6c4a386029bf6f136421bddc335fdee4.jpg,baby,crestedgeko,,undefined,33000.0
202407,59af07d74d4d38693cf29dd795ec6b61.jpg,baby,crestedgeko,,undefined,30000.0
202407,ba555aac7cd43536f364856cb27caaa6.jpg,baby,crestedgeko,,lily,140000.0
202407,a2a9aee45d5c6ea0359a530a59e6b554.jpg,baby,crestedgeko,,lily,160000.0
202407,700749a96439dd07ae11faa9fa471f1d.jpg,baby,crestedgeko,,lily,50000.0
202407,9b3bb2621d43f488074fd1aff33c3d2b.jpg,baby,crestedgeko,,lily,45000.0
202407,d3cd98e65eee0b0c6f99ed5d480d6a72.jpg,baby,crestedgeko,,lily,45000.0
202407,a5b0df44f63411e94638733c1acc1b64.jpg,baby,crestedgeko,,lily,50000.0
202407,d1ff32337f5ff77e2ac4a3f65eb06d8b.jpg,baby,crestedgeko,,lily,45000.0
202407,56bc04a082cba8fe49774dd7cf5759f6.jpg,baby,crestedgeko,,lily,45000.0
202407,cbfd732f97c4a2e4b2a504f866416791.jpg,baby,crestedgeko,,lily,45000.0
202407,cb8ca8bc02655875690d83e2e958a645.jpg,baby,crestedgeko,,lily,70000.0
202407,a8942dbe89e38ff50a60645a18a2c35e.jpg,baby,crestedgeko,,lily,50000.0
202407,0adeda5a26b7e39df8561cec004e0051.jpg,baby,crestedgeko,,lily,60000.0
202407,349d0930fec95ee9f37d86e11c839d8d.jpg,baby,crestedgeko,,lily,50000.0
202407,276c9e9b529c7153f5ebc3441a3c24cf.jpg,baby,crestedgeko,,lily,120000.0
202407,69272fdb195729b1a8b0419aab4e6a83.jpg,baby,crestedgeko,,lily,50000.0
202407,0f8fcfcb371133da1198dd804b0769f9.jpg,baby,crestedgeko,,lily,50000.0
202407,d42c452aadc82f0074d4433e57ecd168.jpg,baby,crestedgeko,,lily,55000.0
202407,2ad696d6647b7da3e1a5cb89dca09bb3.jpg,baby,crestedgeko,,lily,60000.0
202407,603fc5b37af626febd3b9f92f95916be.jpg,baby,crestedgeko,,lily,70000.0
202407,39de825a50304bd0e9306334d025e799.jpg,baby,crestedgeko,,undefined,26000.0
202407,decdacaf6485b22dff9b566e6da5544d.jpg,baby,crestedgeko,,undefined,30000.0
202407,a752839c478215e03ca91bb5db864d9e.jpg,undefined,skink,,undefined,40000.0
202407,d1170655f208560ee3afcf851be1d237.jpg,undefined,snake,,undefined,140000.0
202407,d6885e469de99de153e410ebfa66f0bd.jpg,baby,turtle,,undefined,29000.0
202406,40b6480b3a137b3c1e4cbeb9b8dcb7c7.jpg,baby,crestedgeko,,lily,50000.0
202406,3a4d7f2b61554fe486c988490a8e12ba.jpg,baby,crestedgeko,,lily,50000.0
202407,2a6bf234b838d41392bcb676f38a9919.jpg,baby,crestedgeko,,lily,80000.0
202406,27943fb1e708a6e16b28ace9f16b4118.jpg,baby,crestedgeko,,lily,60000.0
202406,2df80948845d4175dd63444c0e107430.jpg,baby,crestedgeko,,frapuccino,200000.0
202407,05e9f8a869f46df03ccd472de4bddb51.jpg,baby,crestedgeko,,cappucino,130000.0
202406,2d303597c898c2d0b746002ad2509f0e.jpg,baby,crestedgeko,,cappucino,130000.0
202406,4fadfc1d023788e294574a88fff0939b.jpg,baby,crestedgeko,,cappucino,130000.0
202406,671a768d54d5375fa3368e32d1ef6c60.jpg,baby,crestedgeko,,cappucino,130000.0
202406,9b494b780a3716d8b9e26cc86ed04d06.jpg,baby,crestedgeko,,cappucino,130000.0
202406,9668f49b3d17354db9225d26dc061bec.jpg,baby,crestedgeko,,cappucino,140000.0
202406,9f6148ee34ee7d8738d5056cb767ae6b.jpg,baby,crestedgeko,,undefined,28000.0
202406,c448d89e81e0cdcb44366a3c693f3882.jpg,baby,crestedgeko,,undefined,40000.0
202406,592d67b69ede3fa21e18cdd47340bc83.jpg,baby,crestedgeko,,undefined,40000.0
202406,05c9e61d7ee7e82ffc73c9fa37df3d5e.jpg,baby,crestedgeko,,undefined,70000.0
202406,67e99d9da4586958dcf75fc44b91ec08.jpg,baby,crestedgeko,,undefined,30000.0
202406,9ccfc100299083dacef43eba1215b8a9.jpg,baby,crestedgeko,,undefined,52000.0
202406,eda483139bbdff5e3d2a7e35df86f9aa.jpg,baby,crestedgeko,,undefined,58000.0
202406,8582d2073a2da9c06898bb5637e3981a.jpg,baby,crestedgeko,,undefined,30000.0
202406,b24240d5a64dc29ee7df47a7649983de.jpg,baby,crestedgeko,,undefined,30000.0
202406,568a0e2cb413fffa5951ca7f533a9c8a.jpg,baby,crestedgeko,,undefined,30000.0
202406,1fa7a9f9d56222dd39219b5ab43f5689.jpg,baby,crestedgeko,,undefined,40000.0
202406,eaedb03fca84131a6a4f3acd6667963d.jpg,baby,crestedgeko,,lily,80000.0
202406,ea51b6f43d97d72645c4ef97139aa142.jpg,baby,crestedgeko,,lily,85000.0
202407,a2c86a1a158ae09e39670484dc524557.jpg,baby,crestedgeko,,lily,80000.0
202406,dd81b55897f1c2c28b6ef2b56d4e008e.jpg,baby,crestedgeko,,lily,80000.0
202406,5b56b46bc5153b7213364360c3e3d644.jpg,baby,crestedgeko,,lily,80000.0
202407,ef46696c3dafd57c10ce72fa907a76a0.jpg,baby,crestedgeko,,cappucino,180000.0
202406,d655eebc6c7a3061b032cd54b49a0cbf.jpg,baby,crestedgeko,,cappucino,120000.0
202408,156ea80e767fab49255292f8bb62614b.jpg,babeadult,crestedgeko,,frapuccino,560000.0
202408,84d6c3b7f2856846b9673c7018c9f04f.jpg,babeadult,crestedgeko,,frapuccino,200000.0
202408,6b6b1fbca9c04cd4f5693cf880cc6843.jpg,babeadult,crestedgeko,,frapuccino,200000.0
202406,b8721ea045deccb1c333f321e55f542e.jpg,baby,crestedgeko,,undefined,40000.0
202406,ea51d558ec16a1515379cd7542eaf9ba.jpg,baby,crestedgeko,,undefined,40000.0
202406,7341f8fdfbd4ef48055305809826a7ea.jpg,baby,crestedgeko,,undefined,40000.0
202406,10a479edc1b2305839397bd369774dc3.jpg,baby,crestedgeko,,undefined,50000.0
202406,0783d5de7efa99466829f01bbb209169.jpg,baby,crestedgeko,,undefined,40000.0
202406,378bf9469f34cb66e38ac1454561734e.jpg,baby,crestedgeko,,undefined,50000.0
202406,5f2ff6c4bd5b8437e8f9754ca323c4b1.jpg,baby,crestedgeko,,undefined,120000.0
202406,1ba5b507a43934b9ac9652642351bc18.jpg,baby,crestedgeko,,undefined,60000.0
202406,32b2dadf736b733aa77c170cf0d1eefe.jpg,baby,crestedgeko,,undefined,60000.0
202406,45be6580d22395c4de272a4b639173d5.jpg,baby,crestedgeko,,undefined,60000.0
202406,63b8ee8b6de32cd1d90bb0c39b36e84b.jpg,baby,crestedgeko,,undefined,90000.0
202406,38a3aedbb1ee5a7637f7155165c39d12.jpg,baby,crestedgeko,,undefined,120000.0
202406,e9abc2a67f0957625c7ded0a55713519.jpg,baby,crestedgeko,,frapuccino,220000.0
202406,411fc6940066190e2ab76cdc14a9e5f6.jpg,baby,crestedgeko,,lily,90000.0
202406,2f11b2b2f6af28cf5e0fafea2163d126.jpg,baby,crestedgeko,,lily,65000.0
202406,ec77da3f47ea1a288eb89f0057f18c80.jpg,baby,crestedgeko,,lily,60000.0
202406,fa7e89af42f4fd38c7bd6208263ec371.jpg,baby,crestedgeko,,lily,65000.0
202406,f4999dbc5b6ab8a4a2b9e76ed5867c28.jpg,baby,crestedgeko,,lily,80000.0
202406,4427fcf46f4ea5b30d000336cc08ac44.jpg,baby,crestedgeko,,lily,80000.0
202406,66f7e7ef26e88dc43cca3a3e9aaad35e.jpg,baby,crestedgeko,,lily,90000.0
202406,f913b0f8e0c248a6b742741708a7328d.jpg,baby,crestedgeko,,lily,140000.0
202406,0e5284afa1f009c575b3916d877e3e0a.jpg,baby,crestedgeko,,lily,80000.0
202406,350a26a089f243c1c3869e88e058bca6.jpg,subadult,crestedgeko,,undefined,30000.0
202405,d18165c05caab6d6a2364c78adc2cbfe.jpg,baby,crestedgeko,,undefined,50000.0
202405,a2d461ff766537ee499d778aa47ddd72.jpg,baby,crestedgeko,,undefined,65000.0
202405,816e533d158d8e1afa404bdabdd6e384.jpg,baby,crestedgeko,,undefined,50000.0
202405,19c7ebdf741b41e83ae3f0c9b7fc31ec.jpg,baby,crestedgeko,,undefined,40000.0
202405,beef4085743427653726be06086ca17a.jpg,baby,crestedgeko,,undefined,60000.0
202405,76c547d8c0bffa6d666413c10aae3e80.jpg,baby,crestedgeko,,undefined,45000.0
202405,d4c8d0626033c1d5275db81134935d1d.jpg,baby,crestedgeko,,undefined,60000.0
202405,0829b1932aa2d23f73af68509b568674.jpg,baby,crestedgeko,,undefined,70000.0
202405,aa4c75d924515bf2ce821a71376307fe.jpg,baby,crestedgeko,,undefined,50000.0
202405,270c134bc7329765cd76b6b672f03f3e.jpg,baby,crestedgeko,,undefined,80000.0
202405,a74ea3e22b256a0d0ff09ac8697d74cd.jpg,baby,crestedgeko,,undefined,60000.0
202405,f9cbe39190223cf2bdde5c69c6dbe091.jpg,baby,crestedgeko,,undefined,70000.0
202405,7fa74e3888e08f3376b73093e4ed0726.jpg,baby,crestedgeko,,undefined,110000.0
202405,97eca26e9eec5fa1d6015518873b9ec1.jpg,baby,crestedgeko,,undefined,120000.0
202405,d15dd65d6aa6199e94bf6638dc9b1b16.jpg,baby,crestedgeko,,undefined,80000.0
202405,07f9084e6dc538ce416fcb914e8e88fa.jpg,baby,crestedgeko,,undefined,110000.0
202405,89917ea64f934e4081ef26c876ce640c.jpg,baby,crestedgeko,,undefined,70000.0
202405,a56b74631a30ddafe1a4bc302e2ee3d7.jpg,baby,crestedgeko,,undefined,70000.0
202405,0886a0b71c2508d8856868812b181975.jpg,baby,crestedgeko,,undefined,120000.0
202405,b81acf6cce5b513965b6a6b4052344a0.jpg,baby,crestedgeko,,lily,90000.0
202405,3c0ad61a3dc9c2fabc5d8ff10ae966b9.jpg,baby,crestedgeko,,lily,80000.0
202405,8c7bdc1a06bcb2556731a94b35e5dfc8.jpg,baby,crestedgeko,,lily,90000.0
202405,1dfbf1303f5583585b3e0cdd6660ba45.jpg,baby,crestedgeko,,lily,80000.0
202405,2be1a3a2839fa13fec373e102f052ae7.jpg,baby,crestedgeko,,lily,80000.0
202405,fb1cd2a5b61e051cac4e8e4eaeb72279.jpg,baby,crestedgeko,,lily,80000.0
202405,4ee44892a95dbf0a6165c92a2d3c3447.jpg,baby,crestedgeko,,lily,80000.0
202405,5960b6d490e3c84dcaf534542795668c.jpg,baby,crestedgeko,,lily,100000.0
202405,e097b07c9d93b6211405bacc7fc47fb7.jpg,baby,crestedgeko,,lily,100000.0
202405,d32405fbd5c527fc0e94ed5a3ffafe8d.jpg,baby,crestedgeko,,undefined,62000.0
202405,9816a63a1bbc548953d0a19b7371ed2b.jpg,baby,crestedgeko,,undefined,68000.0
202405,591c6781a224ac66e1e3a015ee25b89e.jpg,baby,crestedgeko,,undefined,58000.0
202408,2d29f7bbb60aa859bff46c86face000b.jpg,baby,crestedgeko,,undefined,68000.0
202405,4f03e9570a1362e514bb55044fc432e5.jpg,baby,crestedgeko,,undefined,68000.0
202405,fb93eceee71904b666ce0909d5f5a481.jpg,baby,skink,,undefined,180000.0
202408,23f2df0ecbb4fb691b5b933bdc96b579.jpg,baby,crestedgeko,,dark,180000.0
202405,269e5fbec159efe9a442c54e80ef50a1.jpg,adult,others,,undefined,100000.0
202405,6daca2cfd10a3248b9353588829f32d8.jpg,undefined,skink,,undefined,12000.0
202405,baabb397d28868bece0adb308fd6a46a.jpg,baby,crestedgeko,,lily,80000.0
202406,e91c2f096692ffe2f9ed37f1857afbcc.jpg,baby,crestedgeko,,lily,90000.0
202406,8ee9cf22a9ecdc80905b5ce583099d94.jpg,baby,crestedgeko,,lily,80000.0
202405,7d537bc1e9da20c39de9c785f4ae61c7.jpg,baby,crestedgeko,,lily,80000.0
202405,58dcdc2a6162510dbb2e064c55903422.jpg,baby,crestedgeko,,lily,80000.0
202405,ed35add3505bec51b1f66067119a27d2.jpg,baby,crestedgeko,,lily,80000.0
202405,f53514011ede16dbdbd37bc666e92a1a.jpg,baby,crestedgeko,,lily,80000.0
202405,73f4bf4e68de297696250a6afecb7b65.jpg,baby,crestedgeko,,lily,80000.0
202405,4d287efabebf031229637d2ae6117765.jpg,baby,crestedgeko,,lily,80000.0
202405,316efffd77bc27e867f6ca596ae0e9d2.jpg,baby,crestedgeko,,lily,90000.0
202407,d92ff867628c56d9630c36a31bc50169.jpg,baby,crestedgeko,,lily,80000.0
202405,b8637dbf5156b426d4710e53bff0004f.jpg,baby,crestedgeko,,lily,180000.0
202406,0c1cc9eebe4fce2c7ed4f4339d22276a.jpg,baby,crestedgeko,,lily,100000.0
202405,58fbaa0a9edc085e1810e1d0beb36731.jpg,baby,crestedgeko,,lily,100000.0
202405,463968b61031e86ae70be3852da1fcc9.jpg,baby,crestedgeko,,lily,120000.0
202405,ed5444503f107565de2eb91a5c69eb3b.jpg,baby,crestedgeko,,lily,80000.0
202405,a8d75b75875775995b73e15ed6c9e9ac.jpg,baby,crestedgeko,,lily,80000.0
202407,7997d913a8e7341fb7bfed314de270e1.jpg,baby,crestedgeko,,lily,80000.0
202405,b56993cea639e54f053ae95f9ea7918e.jpg,baby,crestedgeko,,lily,80000.0
202405,65553d94f38f65c3b37503d1e5c8dc06.jpg,baby,crestedgeko,,lily,90000.0
202404,62091a66067c3f18bf1a568b3f8532e7.jpg,baby,crestedgeko,,undefined,52000.0
202404,e1f59c38003eae9666484c4ab622945d.jpg,baby,crestedgeko,,undefined,30000.0
202404,5dc90418d064a8245eb7e46180e7a190.jpg,baby,crestedgeko,,undefined,30000.0
202404,055b52799c932c6bb9b920118ce7ef85.jpg,baby,crestedgeko,,undefined,30000.0
202404,381afba59a8611732a440d0085ff070d.jpg,baby,crestedgeko,,undefined,30000.0
202404,650bbc397ff121185f3ca3a45a80fd56.jpg,baby,crestedgeko,,undefined,30000.0
202404,966b6528b35cd2b3bc1d156b4c320aba.jpg,baby,crestedgeko,,undefined,30000.0
202408,a7159e859ec9cfbb44d3b45256f13a83.jpg,babeadult,crestedgeko,,frapuccino,300000.0
202404,8671c8b3a09fa4fcdf55041b0b939850.jpg,baby,others,,undefined,80000.0
202404,5c37f323db879eb977bd880a28b7457f.jpg,baby,crestedgeko,,undefined,30000.0
202404,4d504c70bcb3bcf6a7e5e0f0f5b35e3c.jpg,baby,crestedgeko,,undefined,35000.0
202404,d6c799bee29589a927e7299ba68e3e39.jpg,baby,crestedgeko,,undefined,40000.0
202404,da4b7fb0e19b1496c85bedc09a9f8b5a.jpg,baby,crestedgeko,,undefined,40000.0
202404,7b5beeedbf0a5aec941e8a060c7b3764.jpg,baby,crestedgeko,,undefined,30000.0
202404,3970bb6fcad9b420842de13b7edc5770.jpg,baby,crestedgeko,,undefined,60000.0
202404,d662ae164d16578de0655c1078fe5ad6.jpg,baby,crestedgeko,,undefined,30000.0
202404,595c1f495eee9596d1d2255fff096203.jpg,baby,crestedgeko,,undefined,30000.0
202404,8b2bd6ac34f90fa26eb532b951f60c18.jpg,baby,crestedgeko,,undefined,35000.0
202404,319f4185901feb69f1dc6c7b77e34bd3.jpg,baby,crestedgeko,,undefined,30000.0
202404,d9f06b319f417ce46415959ca36711d1.jpg,baby,crestedgeko,,undefined,40000.0
202404,3380e17b6e9068a639d5cbf68c2f43a1.jpg,baby,crestedgeko,,undefined,30000.0
202404,ba201f813cdcdc6006339ca40c159717.jpg,baby,crestedgeko,,undefined,30000.0
202404,c05714933fd877f37d96e781fafeeaac.jpg,baby,crestedgeko,,undefined,30000.0
202404,6d29c1cb26a345750f5c4f91f835955f.jpg,baby,crestedgeko,,undefined,40000.0
202404,1c71f9fd4b99f80b84c63deb58c80282.jpg,baby,crestedgeko,,lily,60000.0
202404,079adcfb0f0c7e9cdfb6ec933f88e38d.jpg,baby,crestedgeko,,lily,60000.0
202404,43dc6d4d33171d878bce56f3c6b49a65.jpg,baby,crestedgeko,,lily,60000.0
202404,33f4d682e2b6c7c77a63eede676389ca.jpg,baby,crestedgeko,,lily,55000.0
202404,e60e47f4f3388a06da1f141fa0711b4c.jpg,baby,crestedgeko,,lily,60000.0
202404,482d962d848fd83b03ce7fae857034cf.jpg,baby,crestedgeko,,lily,45000.0
202404,c5793e446ca71b05442fff79c6e10c05.jpg,baby,crestedgeko,,lily,50000.0
202404,0c918fe24b9420d211461d102303bb53.jpg,baby,crestedgeko,,undefined,28000.0
202404,e69c7d891a4d90c74f42b1503e6b7947.jpg,baby,crestedgeko,,undefined,36000.0
202404,db544d04deee9139598f26d1e7dc6f5e.jpg,baby,crestedgeko,,undefined,42000.0
202404,c9a4b842bd057df61ae2b466247d6aac.jpg,baby,crestedgeko,,undefined,30000.0
202404,ee5d20da18a6d50af31daaa517b07029.jpg,baby,crestedgeko,,undefined,30000.0
202404,18f251f90b0914b32d33ffe8794b4c59.jpg,baby,crestedgeko,,undefined,28000.0
202404,5406d9964eebda83c9c57d6437ac915d.jpg,baby,crestedgeko,,undefined,34000.0
202405,5388f68d29dc9d0367306e66d07387d3.jpg,undefined,others,,undefined,85000.0
202403,8281ae6206a7353a57dbe860575c0b43.jpg,baby,crestedgeko,,undefined,36000.0
202403,880ec90504fbcb3f3e98c34d0741867a.jpg,subadult,crestedgeko,,undefined,130000.0
202403,4fc67f41770c706d002fc0a413852d65.jpg,subadult,crestedgeko,,undefined,140000.0
202403,f1a40792fa0156b141386a0613576048.jpg,subadult,crestedgeko,,undefined,200000.0
202403,9528a77085775727e688825ed39d72cc.jpg,subadult,crestedgeko,,undefined,140000.0
202403,999bec7d3a83393138af1fc93fac976e.jpg,subadult,crestedgeko,,undefined,160000.0
202403,159ec2a32d1299a643879b9717baf27a.jpg,subadult,crestedgeko,,undefined,180000.0
202403,68958953c2ce936ff0715c233f3c45ad.jpg,subadult,crestedgeko,,undefined,180000.0
202403,8c880e4dab61b1a3e9f1849ef87f099e.jpg,subadult,crestedgeko,,undefined,180000.0
202403,4999261880c14bdc3500072248bead20.jpg,subadult,crestedgeko,,undefined,220000.0
202403,a20b229f9c90f6295501bc5493c48d40.jpg,adult,crestedgeko,,lily,380000.0
202403,0b5fdcff06f3734c6bf8164be31fda4a.jpg,adult,crestedgeko,,undefined,220000.0
202403,fb0c9242786ab58ea166fa58e78d12ea.jpg,adult,crestedgeko,,undefined,220000.0
202403,482e9da6cdadceaa676fa69aa80315d1.jpg,subadult,crestedgeko,,undefined,220000.0
202403,c0dab3b7e20d5a313e6a28862418531d.jpg,subadult,crestedgeko,,undefined,220000.0
202403,d7406a9f28d7faa55c9594c08836d9d3.jpg,subadult,crestedgeko,,undefined,220000.0
202403,c9072fa03655e75213ff555ec7e022ab.jpg,adult,crestedgeko,,lily,470000.0
202403,69082f3f60de2ae341dc0c79123ba0be.jpg,adult,crestedgeko,,lily,370000.0
202405,a29599c78cf035ded01a758989e2ea2e.jpg,baby,crestedgeko,,frapuccino,320000.0
202403,514706c0eada1bf26458f6fa240d9b0c.jpg,subadult,crestedgeko,,cream,250000.0
202403,e9df675bcbf52f7dd09df5f37b7af828.jpg,subadult,crestedgeko,,undefined,360000.0
202403,c52e0af060e099a723d3518def65accb.jpg,subadult,crestedgeko,,undefined,160000.0
202403,e9b487ccb5bf7dc68427884165a6242e.jpg,subadult,crestedgeko,,undefined,50000.0
202403,7282462f625f21092b7657d5f809e905.jpg,baby,crestedgeko,,undefined,30000.0
202403,da22e957ae75963d5173b62eac806523.jpg,baby,crestedgeko,,undefined,42000.0
202403,990ecd61890c12d705e6c0eb7e4f555d.jpg,baby,crestedgeko,,undefined,47000.0
202403,0588a99d285cef22f4161531e87a6457.jpg,baby,crestedgeko,,undefined,46000.0
202403,384e302c3091c998719e92e4fee37db3.jpg,baby,crestedgeko,,undefined,34000.0
202403,d0bc79ea9ca2d795c626c4c9a5f98408.jpg,baby,crestedgeko,,undefined,55000.0
202403,4b8c562e6156e0fe575015fcdefccc1d.jpg,baby,crestedgeko,,undefined,42000.0
202403,3ed7fdcf3271675906a38110dbff1f28.jpg,baby,crestedgeko,,undefined,45000.0
202403,5ad15e13bb97ed19a225e728d86676f6.jpg,baby,crestedgeko,,undefined,68000.0
202403,5eeefc8c0e58a87739fc2164acfd79c9.jpg,baby,crestedgeko,,undefined,28000.0
202403,32ef34a41051114341567dc542248c7e.jpg,baby,crestedgeko,,undefined,24000.0
202403,e5f3c27a54dd64f90a526e76a36820bf.jpg,baby,crestedgeko,,undefined,25000.0
202403,c32ccebafd10a4eeec8c1e9a4ab2b782.jpg,baby,crestedgeko,,undefined,22000.0
202403,213fa022f42814c3378d91544ba7d90b.jpg,baby,crestedgeko,,undefined,26000.0
202403,5f7fba7cb3b13471ced9a6f5f420a065.jpg,baby,crestedgeko,,undefined,42000.0
202403,6b7160408175b851e343af9077b8f08e.jpg,baby,crestedgeko,,undefined,24000.0
202403,65712b06df6591990c04e1fc801c2846.jpg,baby,crestedgeko,,undefined,58000.0
202403,a9f1b498a434fe9fcff4ef309550b3b7.jpg,baby,crestedgeko,,undefined,62000.0
202403,65b7af95b141e9d5e16f9a6843b56a34.jpg,baby,crestedgeko,,undefined,28000.0
202403,4f7e50a6ecb196f933f28654a82389c8.jpg,baby,crestedgeko,,undefined,24000.0
202403,0b1e7d23c9f47bc063c7250176148639.jpg,baby,crestedgeko,,undefined,32000.0
202403,a85ef9720ba6f55d7c33cbe3d3896c16.jpg,baby,crestedgeko,,lily,16000.0
202403,219de93b77088b88d74a22d169da4027.jpg,baby,crestedgeko,,undefined,25000.0
202403,59f712f6000e2271d7efaf0a983fa8f1.jpg,baby,crestedgeko,,undefined,45000.0
202403,29939b1a10cee9c76d5a6042dba2fac8.jpg,baby,crestedgeko,,undefined,23000.0
202402,9a45a15e6de021b2c838638d55a7a61b.jpg,undefined,leopard,,undefined,50000.0
202402,2832281095ef8fce9600246d1b7ab4af.jpg,undefined,leopard,,undefined,50000.0
202402,2bae6e64d5f5e6967468cced0c8f400e.jpg,undefined,leopard,,undefined,60000.0
202402,f9dd15008483c9057990aea395198d41.jpg,undefined,leopard,,undefined,60000.0
202402,e93bc4b10318db402a76e534e89f02b3.jpg,undefined,leopard,,undefined,60000.0
202402,9376fddf6ebbe557afcf3eb36d04f520.jpg,undefined,leopard,,undefined,60000.0
202402,5ad93ef88cb81699505e04a0b7f4feb9.jpg,undefined,leopard,,undefined,60000.0
202402,de7455eff8e92e9d4eebbc9a00f4c132.jpg,undefined,leopard,,undefined,50000.0
202402,6d7c4d23606f8d9629988665e41b4b7f.jpg,undefined,leopard,,undefined,30000.0
202402,9f823658ad542e9c876b281c8e8c36f7.jpg,undefined,leopard,,undefined,40000.0
202402,6a0c3680aad0ded7b8d3831a8db9c6d4.jpg,undefined,leopard,,undefined,50000.0
202402,127b9d2aab376607677eca16537fb968.jpg,undefined,leopard,,undefined,30000.0
202402,1a53d8d512d4fb949271b908879f76f6.jpg,undefined,leopard,,undefined,30000.0
202402,7aadc7a47491b332dfe0dafb2fc30c52.jpg,undefined,leopard,,undefined,50000.0
202402,456d52c9e22f23b621cde74e410acdc4.jpg,undefined,leopard,,undefined,50000.0
202402,e03eea773f233c3cdb1456bbffaa9c03.jpg,undefined,leopard,,undefined,30000.0
202402,40b212570db64cc05463375f995bd427.jpg,undefined,leopard,,undefined,40000.0
202402,8ba6c4d9566ef063e781896d3c66f1f7.jpg,undefined,leopard,,undefined,60000.0
202402,4d23d334c0f6dd98946b84ca6fec0f13.jpg,undefined,leopard,,undefined,40000.0
202402,1cfe5912f76cd846798e0e9bc03de285.jpg,undefined,leopard,,undefined,30000.0
202402,96f5cb383e75e906b1dd5624baed460b.jpg,undefined,leopard,,undefined,70000.0
202402,b076ba228653858beebfb21da933d012.jpg,undefined,leopard,,undefined,70000.0
202402,43b65139b44f39a2e1dbb1fd1c257f17.jpg,undefined,leopard,,undefined,50000.0
202402,86fd22ec5001e85432d0be1e2e7975e9.jpg,undefined,leopard,,undefined,60000.0
202402,181c03d9f1bd318c3ae1c4d379b415e8.jpg,undefined,leopard,,undefined,60000.0
202402,b6c29744a3281a41002339e9faa352cf.jpg,undefined,leopard,,undefined,50000.0
202402,7adaba293bdb4655bcadff6e7c53baca.jpg,undefined,leopard,,undefined,60000.0
202402,ceee3e07b1dbc9a3090b120eb4752956.jpg,undefined,leopard,,undefined,50000.0
202402,c742f3299345d42dca95ab2906cd51f3.jpg,undefined,leopard,,undefined,50000.0
202402,bd292f8c0c7452b8af389b2f124042d6.jpg,undefined,leopard,,undefined,50000.0
202402,d157f0fb7f085fb721eb8f88a6637f2c.jpg,undefined,leopard,,undefined,60000.0
202402,8b262afb6b7ab3d4135f7cbb80252e10.jpg,undefined,leopard,,undefined,70000.0
202402,22441f195b25e7ec16ff005603d21c7f.jpg,undefined,leopard,,undefined,90000.0
202402,a6346820f289e36bce99ad871ca5845b.jpg,undefined,leopard,,undefined,70000.0
202402,a1cf005c131f1f2d27b9a99f9030272a.jpg,baby,crestedgeko,,lily,45000.0
202402,28a36c189554d54d898f9d3590f4096b.jpg,baby,crestedgeko,,lily,45000.0
202403,06b4e7fcc160772af062cc97cdf22956.jpg,baby,crestedgeko,,lily,45000.0
202402,bddede79d886eb67011dfe041b616383.jpg,baby,crestedgeko,,lily,46000.0
202402,91e3c91d8b23047a4ae83f830762492e.jpg,baby,crestedgeko,,lily,44000.0
202403,770097a9614df8a6e1d0ec01f9439f6d.jpg,baby,crestedgeko,,lily,44000.0
202402,0ee1c44831a7a73e183b878036faf958.jpg,baby,crestedgeko,,lily,44000.0
202402,766a4a0ace8e34c4c525241ff6b831ac.jpg,baby,crestedgeko,,lily,46000.0
202402,09966c33ca3b7f420d2e5285717cd2bb.jpg,baby,crestedgeko,,undefined,24000.0
202402,3dbf97b0f3c22e4475da302041bd10ac.jpg,baby,crestedgeko,,undefined,22000.0
202402,88eddbd53309448268343326a511492a.jpg,baby,crestedgeko,,cappucino,140000.0
202402,05e193ecca16bbfdc99fc367de3c20dd.jpg,baby,crestedgeko,,lily,44000.0
202402,2770af624ded23f1f8b6bb97abefbb5a.jpg,baby,crestedgeko,,lily,46000.0
202402,08a84b5f44962b9dd704091f4ae513f9.jpg,baby,crestedgeko,,lily,48000.0
202402,b13d2077b845a8d8a00f88d9536c6c22.jpg,baby,crestedgeko,,lily,48000.0
202402,abbd51543eb0ef1e7ec4311ba9c7f6fa.jpg,baby,crestedgeko,,lily,48000.0
202402,cc304bcb35d171f76e97d791b81c343b.jpg,baby,crestedgeko,,lily,45000.0
202402,d7c05730fa187da2f739cf12eaa5da0b.jpg,baby,crestedgeko,,lily,62000.0
202402,a68a233033f06a416039ddc293ab7257.jpg,baby,crestedgeko,,lily,48000.0
202402,d295deb95757534d8b210ea2843bafe8.jpg,baby,crestedgeko,,lily,48000.0
202402,2e212ce81491a3c707452ffb57d71c57.jpg,baby,crestedgeko,,cappucino,120000.0
202402,d8bd5160f0a021f160e37c90483d67f5.jpg,baby,crestedgeko,,cappucino,140000.0
202402,48658d6856fc95b780809a0b79dae744.jpg,baby,crestedgeko,,cappucino,160000.0
202403,8274faf3e5242939c83c18d1c01ce577.jpg,baby,crestedgeko,,cappucino,140000.0
202403,6c769e428c3dea0973d4efa826fbc6b1.jpg,baby,crestedgeko,,cappucino,140000.0
202402,3326682b14fc44984c395114b015290b.jpg,adult,Chamaeleon,,undefined,1200000.0
202402,fc2b2b1b8e3797a9d1d1570ce55feb27.jpg,baby,crestedgeko,,undefined,18000.0
202402,59b408e605e47a4ab321b558e11939dd.jpg,baby,crestedgeko,,undefined,18000.0
202402,4984a59d4e55a1e792b99f2f3efcbf94.jpg,baby,crestedgeko,,lily,38000.0
202402,669ddcd0295f699e44f078748baf7cd6.jpg,baby,crestedgeko,,undefined,140000.0
202402,5f0af26e30fd3ad3b366f3f74a67c5b7.jpg,baby,crestedgeko,,undefined,20000.0
202402,4f2df8e40fbe43b91cd4ae3567b38709.jpg,baby,crestedgeko,,undefined,24000.0
202402,ac91b824a477eee3d82c1ac5ceba46ba.jpg,baby,crestedgeko,,undefined,20000.0
202402,773c643430274c055bcb972bd6a4bca2.jpg,baby,crestedgeko,,undefined,18000.0
202402,f1810886f4ba150d8064acf5c94dd0dc.jpg,baby,crestedgeko,,undefined,48000.0
202402,e069f5bcc6c833c41b5b8eb3aedd695c.jpg,baby,crestedgeko,,undefined,48000.0
202401,163d0fb2e0f2144648c5871c33560b39.jpg,baby,crestedgeko,,undefined,18000.0
202401,86df2d6798b7a9ad77ce6a4e4238235e.jpg,baby,crestedgeko,,lily,34000.0
202405,9dc00033f029fa4ab4d218559ff47018.jpg,baby,crestedgeko,,frapuccino,150000.0
202401,72d61641a5bf6f3d57a9265fa050bf63.jpg,baby,crestedgeko,,frapuccino,220000.0
202401,12313b700a9b2f66f369933b512ad0c7.jpg,baby,crestedgeko,,cappucino,120000.0
202403,2b75b62d7d4248f58f9344bac70a1b5b.jpg,baby,crestedgeko,,cappucino,120000.0
202401,f7aab66fdb24bc42f43cca87535d5150.jpg,baby,crestedgeko,,cappucino,140000.0
202401,bc41d40cd001cc1c512ad0513018c914.jpg,baby,crestedgeko,,lily,34000.0
202401,4daca39d6239daf92062f4e3e9b1fe81.jpg,baby,crestedgeko,,lily,34000.0
202401,e982242dec4ddc7c828211d883adf8b9.jpg,baby,crestedgeko,,lily,48000.0
202401,09c6d3d6baf76fcfeeaec690eaa1c055.jpg,baby,crestedgeko,,undefined,34000.0
202401,11144d462b52cfa46ab5a16b45602792.jpg,baby,crestedgeko,,undefined,45000.0
202401,6343b2aba1c17947c86299e63b1bca8b.jpg,baby,crestedgeko,,undefined,34000.0
202401,d0f3905fd1632ded207abea18e5f09e8.jpg,baby,crestedgeko,,undefined,30000.0
202401,8a755f01c8b68b1f1b8310ea385dea1b.jpg,baby,crestedgeko,,undefined,30000.0
202401,e37ed8bbde758ba2c58b97a8dfb09a42.jpg,baby,crestedgeko,,undefined,40000.0
202401,8cf54729d19365b2e16be4d03af0e3d6.jpg,baby,crestedgeko,,lily,48000.0
202402,c354bdaea42d384a5ecef57b0dbcc19e.jpg,baby,crestedgeko,,lily,42000.0
202401,e029457c2214cd330f6100dbbd64c889.jpg,baby,crestedgeko,,lily,42000.0
202402,cea53030f14823f7a4f4ede777a2f99b.jpg,baby,crestedgeko,,lily,42000.0
202401,89763dca6856c34f898aa9b83cbb67d6.jpg,baby,crestedgeko,,lily,42000.0
202402,21817fb9265aa5fd6d81b378a917b6b6.jpg,baby,crestedgeko,,lily,42000.0
202402,74211834bd94005ba7a696ef4061f529.jpg,baby,crestedgeko,,lily,42000.0
202401,1f19b1337b01f0fce5ad3186cbd1759c.jpg,baby,crestedgeko,,lily,43000.0
202402,4b9091b5c90e8279c4367675d9f50c0a.jpg,baby,crestedgeko,,lily,40000.0
202401,77a85482cc44b51669526dd3bfda8c2d.jpg,baby,crestedgeko,,lily,42000.0
202402,52b7097f59f0e6407670bf744abeda7d.jpg,baby,crestedgeko,,lily,43000.0
202401,329efadbf763959dcc0963b39ad7af06.jpg,baby,others,,normal,16000.0
202401,0cb30b037a63a42393940b83c4bbb322.jpg,baby,crestedgeko,,lily,38000.0
202401,88d79f5e337ab61a5eb29474fe9af962.jpg,baby,crestedgeko,,lily,40000.0
202401,22b022c9ab9cf06b474b6806a01ab720.jpg,baby,crestedgeko,,lily,45000.0
202401,78af109eb7ece4b6b624bc77d135f57a.jpg,baby,crestedgeko,,lily,34000.0
202401,57887e08fd21e4a0dd088fde352bad27.jpg,baby,crestedgeko,,lily,40000.0
202401,30913d570fc560330f8d8aedc8a78f39.jpg,baby,crestedgeko,,lily,32000.0
202401,c5d35efb5d54c87061fbc707c2b00093.jpg,baby,crestedgeko,,lily,34000.0
202401,723fd2150bcb5dfc9f8ced15e8975658.jpg,subadult,crestedgeko,,undefined,50000.0
202401,159e0f9d4bcb7891b3d81718864e50b2.jpg,adult,crestedgeko,,undefined,80000.0
202401,cbeae0af8b3cbc56a68f3d023bbb396f.jpg,subadult,crestedgeko,,undefined,50000.0
202401,d1cebf43157fd4b7e3e7fbab25756d20.jpg,adult,crestedgeko,,undefined,80000.0
202401,1baf27de382c26f294a7061c984e6b00.jpg,baby,crestedgeko,,undefined,18000.0
202407,b8c039c4e344d2601bb64b949d29101b.jpg,baby,crestedgeko,,spotless,280000.0
202403,f496821ed705075f3a4d3de539c6d1c8.jpg,baby,crestedgeko,,spotless,250000.0
202407,efa62f55a8c67a0e72a1cd776ad343ca.jpg,baby,crestedgeko,,spotless,250000.0
202407,6f3a6ddb2b3f2f8a7e8b844161d7a1cf.jpg,baby,crestedgeko,,spotless,350000.0
202406,d36a45cd64c103cab84ec9c6885c98dc.jpg,baby,crestedgeko,,frapuccino,350000.0
202401,7d17dfcdf4f6996058d40a53db4e0f4a.jpg,baby,crestedgeko,,cappucino,140000.0
202406,4041ecee47c5008c3872744c98095474.jpg,baby,crestedgeko,,cappucino,140000.0
202401,72693d4f915c3db3ba3a3af426ccaa4a.jpg,baby,crestedgeko,,undefined,20000.0
202401,9fb6c2e53d1b744b42c0803eef36c04e.jpg,baby,crestedgeko,,undefined,20000.0
202401,435d4cef3be60b11e8156ccbd2cc9bc4.jpg,baby,crestedgeko,,undefined,18000.0
202401,a4226449138271cbf7d1d51a95e8198c.jpg,baby,crestedgeko,,undefined,18000.0
202401,57d66c2a429818bd84bca79463e0a61c.jpg,baby,crestedgeko,,undefined,18000.0
202401,4a2b22cd9d783b56d607f1c3896ce748.jpg,baby,crestedgeko,,undefined,20000.0
202401,857c9f38bca4de8e0e6c7d2884e455eb.jpg,baby,crestedgeko,,undefined,18000.0
202401,3318c50ed9425d07dc3ee6e1ae7dab08.jpg,baby,crestedgeko,,undefined,18000.0
202401,0255629d2ca0b9b43d282c8260142ece.jpg,baby,crestedgeko,,undefined,17000.0
202401,b061a7c887d60793b685ecc33c066977.jpg,baby,crestedgeko,,undefined,18000.0
202401,be2d0508d1ecebc059d5c0c55e623b9d.jpg,baby,crestedgeko,,undefined,18000.0
202401,ce7d1d78628e3a90a21a38e57b80e854.jpg,baby,crestedgeko,,undefined,22000.0
202401,3c903cf281ada171a5d389106fa57cca.jpg,baby,crestedgeko,,undefined,18000.0
202401,ef4f9350d9b37187cf9b41fe302dcf80.jpg,baby,crestedgeko,,undefined,18000.0
202401,7d5e56e523c580f52ee8e56ccd293b8c.jpg,baby,crestedgeko,,undefined,20000.0
202401,96e13f80bad759aa20f9f8f624f5d279.jpg,baby,crestedgeko,,undefined,18000.0
202401,cc1cab41d8433e521434c406aa0b8df8.jpg,baby,crestedgeko,,undefined,20000.0
202401,674907a5c0091cce7932594b5e96cf2b.jpg,baby,crestedgeko,,undefined,18000.0
202401,909252f9146584d304342192449cddec.jpg,baby,crestedgeko,,undefined,18000.0
202401,ee06bcd61ba191171674ec744c38c1ad.jpg,baby,crestedgeko,,undefined,22000.0
202401,579a4a7e4e1671f257a550855afe13db.jpg,baby,crestedgeko,,undefined,18000.0
202401,75987867e9e6d9298a479a49a67b80c4.jpg,baby,crestedgeko,,undefined,18000.0
202401,edb4942fda93ede456a552b536ab101c.jpg,baby,crestedgeko,,undefined,18000.0
202401,939a927051d4638d583e58130544230a.jpg,baby,crestedgeko,,undefined,18000.0
202401,33c6104adcad49088ff09ec7c91a8b2b.jpg,baby,crestedgeko,,undefined,18000.0
202401,cff4e432bf6cfa27590a4dce80dfe79e.jpg,baby,crestedgeko,,undefined,18000.0
202401,8e3b549a728fd342ee49c23b93515c1d.jpg,baby,crestedgeko,,lily,37000.0
202401,4e2f7a6db13eb4e8e1e899abdafe6363.jpg,baby,crestedgeko,,lily,36000.0
202401,52bce125f4dbddd0b22fa33d36208d1a.jpg,baby,crestedgeko,,lily,38000.0
202401,85773b60af08e966769545f83859a1b1.jpg,baby,crestedgeko,,lily,40000.0
202401,43f02aa1d35baa66d4135240583585f8.jpg,baby,crestedgeko,,lily,38000.0
202401,ebfaa3212cfea74e7ddbdb0138c5f64d.jpg,baby,crestedgeko,,lily,38000.0
202401,ba90b57db564e8faa4c10e27c59c4533.jpg,baby,crestedgeko,,lily,38000.0
202407,36945981b671bc66e9e21efe190f13b3.jpg,baby,crestedgeko,,spotless,250000.0
202401,35f6f2e5d0e53ef7dd5c3d35a66dc7df.jpg,baby,crestedgeko,,undefined,18000.0
202401,5d3b5fd252d9f0dc24cb69270dd830b2.jpg,baby,crestedgeko,,undefined,18000.0
202401,34a3e2158e5b0839c7f7bd0c7faed4e3.jpg,baby,crestedgeko,,undefined,18000.0
202401,4ff6ef8214f81f7afbcfb4af1ef59dd8.jpg,baby,crestedgeko,,undefined,20000.0
202401,bf66fcdce336ec22be466e8d5028a829.jpg,baby,crestedgeko,,undefined,20000.0
202401,aa683aa5bc2787841ac1a3f1da8cd547.jpg,baby,crestedgeko,,undefined,20000.0
202401,a1d10c8fe627bd3bc3603af20034a73a.jpg,baby,crestedgeko,,undefined,20000.0
202401,a3b18c66adb8ed917a0228ed09afdf05.jpg,baby,crestedgeko,,undefined,20000.0
202401,5d341b0385dbdad54de0b84f1c6c3447.jpg,baby,crestedgeko,,undefined,20000.0
202401,08470ee857dff058c9a974149e1873ca.jpg,baby,crestedgeko,,undefined,20000.0
202401,d14f122484c2566c7f79fdfbf89e7985.jpg,baby,crestedgeko,,undefined,25000.0
202401,ee653fd614c4bbd1c2c8db88664cc9d8.jpg,baby,crestedgeko,,lily,36000.0
202401,f4b415c31a71766536a44e81dc4a3257.jpg,baby,crestedgeko,,lily,36000.0
202401,e2109a62a9fb297fe32796929b9348e7.jpg,baby,crestedgeko,,lily,34000.0
202401,3bb228547e490dc71143dc3eb0aa91a0.jpg,baby,crestedgeko,,lily,40000.0
202401,35a97f99774ffd2783e737d8ed7bc7b5.jpg,baby,crestedgeko,,lily,40000.0
202401,71f32a500150c538a4b2818e4746dd90.jpg,baby,crestedgeko,,lily,40000.0
202401,ea3573d23540cf77d75f9aba09c7bb18.jpg,baby,crestedgeko,,lily,38000.0
202401,e55030a54490274ce231e41187792a45.jpg,baby,crestedgeko,,lily,38000.0
202401,db29077b7d351b4dbed0144368e392f4.jpg,baby,crestedgeko,,lily,40000.0
202401,656eceb5d923bc34587c9e42e72360f7.jpg,baby,crestedgeko,,lily,45000.0
202401,221f61107b6c33875dd508a1bcdddec3.jpg,baby,crestedgeko,,lily,38000.0
202401,ce7b29a698f1f8fddff8962d966fb458.jpg,baby,crestedgeko,,lily,38000.0
202401,ba7992c54e67dba0d4171dd1dfb4ca2e.jpg,baby,crestedgeko,,lily,42000.0
202401,86bdc18e2ad3835c931b2809c6ed156a.jpg,baby,crestedgeko,,lily,38000.0
202401,73a5967ae0976664953f40311a2d5e28.jpg,baby,crestedgeko,,lily,38000.0
202401,ab9cdcdeaa4099a1cc5ec80d1a1106fe.jpg,baby,crestedgeko,,lily,38000.0
202401,864de19ec0fd9c065e65fd086a5e1d12.jpg,baby,crestedgeko,,lily,34000.0
202401,a4b8faa635e6a1372a64f7324f83db16.jpg,baby,crestedgeko,,lily,34000.0
202401,2e5db4cc259560e05fcf4919d6638bc5.jpg,baby,crestedgeko,,lily,34000.0
202401,b7020e5260bff600381f90cccd6ee3b8.jpg,baby,crestedgeko,,lily,34000.0
202401,db40a552c8ba4908cff05ba3b19bd030.jpg,adult,turtle,,undefined,150000.0
202401,47bb753094dcc2e52a8f3a0447fac488.jpg,subadult,crestedgeko,,undefined,130000.0
202401,6cec94073c39bf495ddffd1f09ffacb9.jpg,subadult,crestedgeko,,undefined,130000.0
202401,905ca1feee2353c8eec98cbb60248eaa.jpg,subadult,crestedgeko,,undefined,130000.0
202401,4e9ea3a729553f8c8f59aa57ec764af9.jpg,subadult,crestedgeko,,undefined,130000.0
202401,94600fdeaa1c72619a46466b03120629.jpg,subadult,crestedgeko,,undefined,130000.0
202401,6942d5f7a821a2f9e6853c97eb375859.jpg,subadult,crestedgeko,,undefined,130000.0
202401,f486e2da315a5320700b8d5576cce8b0.jpg,subadult,crestedgeko,,undefined,130000.0
202401,ede747fb442244c80780bf1dd0d90608.jpg,subadult,crestedgeko,,undefined,130000.0
202401,e541a045ad8eb3aa50e396213e81e83c.jpg,subadult,crestedgeko,,undefined,130000.0
202401,9458112f672bf0e840743b1dbb3d4324.jpg,subadult,crestedgeko,,undefined,130000.0
202401,a717a3f8dba367a8c5897b0000082abf.jpg,subadult,crestedgeko,,undefined,130000.0
202401,5b96b519067958b03b479d67cd09e431.jpg,subadult,crestedgeko,,undefined,130000.0
202401,6c0b8573c088a469f352e1a2ad56fd12.jpg,subadult,crestedgeko,,undefined,130000.0
202312,8d9f26c663200458841db102793250d2.jpg,adult,crestedgeko,,cream,33000.0
202312,0fdf1567cf8e863fe2f3f32a451d347c.jpg,subadult,gagole,,red,120000.0
202312,e61c275efec5b9b9379d8fbf564d6e77.jpg,undefined,crestedgeko,,lily,380000.0
202312,1a5716f2a33770105975ffe2656d7472.jpg,babeadult,geko,,undefined,95000.0
202312,a31e5a51411e89b40c3f47e1e6c85bde.jpg,adult,crestedgeko,,undefined,150000.0
202312,03c6528bde535c0b0f4624c77cc2478f.jpg,adult,crestedgeko,,undefined,150000.0
202312,5be577bd4b9cda0d02aa849fa17f56ec.jpg,adult,crestedgeko,,undefined,180000.0
202312,98553391758b14fe1010636936899f52.jpg,adult,crestedgeko,,undefined,150000.0
202312,70e6000d5e6acf699620d3e0c7c602a9.jpg,adult,crestedgeko,,undefined,130000.0
202312,dedef88312c234dbca4763826dab3746.jpg,subadult,crestedgeko,,undefined,150000.0
202312,9dc70c00f12660d19e68b41d1fbe9bcb.jpg,adult,crestedgeko,,undefined,130000.0
202312,cdadeea63911ef7a04218b7d9ecb813d.jpg,adult,crestedgeko,,undefined,130000.0
202312,8ae0d3d3b86bd872a405c023b2cc8da6.jpg,adult,crestedgeko,,lily,380000.0
202312,aa8ae7c7bbc50e50898769ceff58e9ab.jpg,undefined,snake,,undefined,55000.0
202311,ca2fbcfa808162fc087e5ac190e9835c.jpg,subadult,Chamaeleon,,undefined,380000.0
202311,ec5bc26c8ef5fc496bf32712af3ce280.jpg,subadult,Chamaeleon,,undefined,360000.0
202311,fc231b074b48f654548b10967b73da69.jpg,subadult,Chamaeleon,,undefined,360000.0
202311,780836c0a8c75f52fb320795c52951f6.jpg,subadult,Chamaeleon,,undefined,390000.0
202311,381dc3b60e4aaef02531e42f84b2bba3.jpg,subadult,Chamaeleon,,red,390000.0
202407,4fabf7e94636f9e999e169e0a9e13ba5.jpg,undefined,snake,,undefined,160000.0
202311,22b3949005dbc2cc19a17e788f1312d1.jpg,undefined,geko,,undefined,28000.0
202311,c178d50efa786fe0b6cc44e2e6c39b7d.jpg,undefined,Pnather,,hat,78000.0
202311,3dc34d8632752b2fa9f0f587994e49c6.jpg,undefined,Pnather,,undefined,160000.0
202311,0f4c9d7b7297ea29b7ad5a03b27ca3a6.jpg,baby,gagole,,undefined,150000.0
202311,313848d4ee96009d2da4147a59441aaf.jpg,adult,Toad,,undefined,260000.0
202311,24a6b837510dc36ff3aecf548abcd4c1.jpg,undefined,Iguana,,undefined,560000.0
202311,a55c24a4da977ecc59001c68a6d9fd2f.jpg,adult,others,,undefined,380000.0
202311,0b03375714c29cec00555ad9923ad517.jpg,babeadult,others,,undefined,940000.0
202409,115e1d0b1136aa44d5e081909d8251c8.jpg,baby,beardydragon,,hypo,250000.0
202311,893e7f88f36416614ce0aa99531416ce.jpg,undefined,snake,,black,150000.0
202404,03994459ac86ad863679778232a83b90.jpg,undefined,snake,,albino,180000.0
202311,fc916373e43d4108ce8654961f5333b6.jpg,undefined,snake,,berry,260000.0
202311,c5d1f339be919cd0a82545d22e51b5e8.jpg,undefined,snake,,berry,260000.0
202311,4a6c73cc47500a276c6fd2c078dcf06d.jpg,undefined,snake,,black,250000.0
202311,14d6f18bcbf360756b5b99e37935b377.jpg,undefined,snake,,black,350000.0
202312,99edebdc1fe36b8daf35976852127937.jpg,baby,leopard,,undefined,30000.0
202407,e07c7d81e2b91cc035393c4316104625.jpg,undefined,skink,,undefined,120000.0
202309,6bdfc8e5fa804b6f88919ae42edb0044.jpg,babeadult,Chamaeleon,,undefined,680000.0
202308,1c25b3d3caab190d184e71e0eaa23075.jpg,undefined,others,,undefined,180000.0
202310,8aa0e1a3cb8f874dcd4dbfb430d54278.jpg,undefined,beardydragon,,dark,2200000.0
202401,c800d23950778df28319c2c9176d30f1.jpg,undefined,beardydragon,,dark,2200000.0
202307,152c39ad1bd787377ce93a1e7366783d.jpg,undefined,snake,,undefined,100000.0
202307,f5c14aff82487a12046fddea6bb99322.jpg,babeadult,skink,,undefined,480000.0
202307,fe74f6aa8ddcb7073c8dfe920c12662a.jpg,undefined,beardydragon,,undefined,30000.0
202307,010c211ccca76bab70929b678abb1317.jpg,subadult,others,,undefined,900000.0
202305,d19645e5e2b100cf309fb5b96646418c.jpg,undefined,others,,black,120000.0
202404,1650d4d8dd13d5fa7ace94ff45ab90ce.jpg,undefined,skink,,undefined,70000.0
202306,a137a39555a382bdb2a14b6db17b009b.jpg,subadult,beardydragon,,hypo,400000.0
202408,62fe51c1fd75518b87bb490bccf33249.jpg,undefined,geko,,white,20000.0
202304,e572f3cce0ef94d2b91a4d915efaaf6f.jpg,undefined,others,,undefined,160000.0
202404,a55d0433b0a5c65dbe21a51efe0dfa4b.jpg,undefined,leopard,,undefined,22000.0
202303,d66121bfae022b954dc2530abdbe3152.jpg,undefined,geko,,undefined,180000.0
202302,357b576e93d71952d883ce83e5002dbf.jpg,adult,geko,,undefined,820000.0
202304,671589adcd2dd9411d4546b8493d4348.jpg,undefined,others,,undefined,600000.0
202211,5925953d4d05a643c0f643f103313d31.jpg,adult,snake,,axanthic,300000.0
202209,ed7328e747a22d0797a86ad91e738bed.jpg,adult,skink,,undefined,340000.0
202207,493ba3b5128a690fb1b599744cf4f360.jpg,adult,geko,,undefined,700000.0
202205,13bb86a6dcd1c1efee8b136fdbdce54e.jpg,babeadult,others,,red,560000.0
202204,8583c49d91427c26785bdd2626f1f265.jpg,undefined,snake,,undefined,160000.0
202204,41e14fba5a66df4c1b7ef444d6c03ae5.jpg,undefined,snake,,undefined,150000.0
202204,581f842604f4eb75003da0efb40b40f6.jpg,undefined,snake,,albino,220000.0
202202,789c1796514a894b0390df288beea037.jpg,undefined,snake,,undefined,780000.0
202210,51941857dbe23b0099949b3ae55b0628.jpg,undefined,snake,,cream,180000.0
202202,e2825569012a12318f9446ded6aa0d15.jpg,undefined,snake,,undefined,100000.0
202202,3afde24d2753b501d7f5a0839bcd517d.jpg,undefined,snake,,undefined,100000.0
202311,442b24002e433bcf3ba879ae8c4dd91c.jpg,subadult,leachianus,,undefined,1950000.0
202210,988fce4143667721032afe53bc5ee7df.jpg,undefined,snake,,undefined,160000.0
202202,f5229d3fa21ee55bc7afcc0917680c89.jpg,undefined,snake,,undefined,90000.0
202407,0953cf4b20a9a4ea0e454c9383845dcb.jpg,undefined,snake,,green,120000.0
202012,c274026864bf1db4d39d885b29f3c613.jpg,undefined,snake,,undefined,90000.0
202210,fe1480fa5f32e1517f3032824e93ede9.jpg,undefined,snake,,undefined,180000.0
202103,73c8fc2ecdeb7b79b4556f09d4a5c4bf.jpg,babeadult,others,,undefined,380000.0
202404,d18431a265c404bbb0898486f7fe19a8.jpg,babeadult,Chamaeleon,,undefined,70000.0
202309,64dbd5a3d05ac7e8c59d4dae22249c45.jpg,undefined,geko,,undefined,22000.0
20200512,adfb30893dfeda7b1d7368fcf8ece8f2.jpg,undefined,turtle,,undefined,180000.0
20200226,92e991633e19245e0155ea955a969592.jpg,undefined,skink,,undefined,180000.0
202210,50e7cb75ab838e1514da29dd052ff71d.jpg,undefined,snake,,undefined,200000.0
202112,41301928cef509c2859f5e06f81461e0.jpg,undefined,Pnather,,hat,70000.0
201901,4fe1e1741d57f9b95c8e4e250a0661f0.jpg,undefined,turtle,,undefined,220000.0
202404,669200d0a54ff4ed58914ccbd74d112a.jpg,undefined,geko,,undefined,44000.0
202407,fcaae66236b8a5c792634dcb97db0fc8.jpg,undefined,geko,,green,120000.0
202203,0999ef8fb8dc4643746749659bf5a566.jpg,undefined,geko,,undefined,36000.0
202406,8d5ee73f4deb1e1378706a314d877bce.jpg,undefined,geko,,undefined,26000.0
202312,d66866a4376c35cbd0bba2b6a296d7ed.jpg,undefined,geko,,undefined,58000.0
202303,3f31b0363145ec95165ea07e23c8309b.png,undefined,geko,,undefined,100000.0
202404,7c26391193b770bc9e9b088f5d16e9ef.jpg,undefined,geko,,undefined,20000.0
202404,4ac7c488da74a75b52467aa7c54b2b41.jpg,undefined,geko,,undefined,22000.0
202309,d69c397312f75a5905e500cb2551b6a2.jpg,undefined,geko,,undefined,40000.0
202411,ba1fce636683c7fb51b8c949bf975efd.jpg,baby,leopard,,undefined,100000.0
202309,4c9cafe022b2a9f791878779309bdccb.jpg,undefined,others,,undefined,22000.0
202012,76fa5af5a22b42dfe3be217e6d7d2aed.jpg,undefined,snake,,black,60000.0
201908,2cfff11120ad337400a1a1df6c4fd152.jpg,undefined,snake,,undefined,100000.0
202210,85a5dfec0c5bf1ff9c56be255c0ee369.jpg,undefined,snake,,undefined,100000.0
202404,8bff6bc04dcab97e007c12bd26981c86.jpeg,babeadult,Chamaeleon,,undefined,140000.0
202210,35172e5c635f8b545e8b3f12e69ab47c.jpg,undefined,snake,,undefined,100000.0
201804,819_shop1_191290.jpg,undefined,snake,,undefined,145000.0
202210,1e1d19db45900756723795739829bb21.jpg,undefined,snake,,albino,90000.0
202404,5b2feffea445e90803b7607862cda3be.jpg,undefined,skink,,undefined,22000.0
202405,bea7a405f2c5158e7d6a012a8390500b.jpg,undefined,skink,,undefined,50000.0
202411,25d7aa3afe8b056ea2fca51060e4cbf7.jpg,baby,crestedgeko,,lily,70000.0
202410,b69dea7c5f2722c6472a8b84b5d052b2.jpg,subadult,snake,,undefined,130000.0
202410,a79f230f15a2fd4001f2c293c941d0cd.jpg,baby,crestedgeko,,lily,30000.0
202410,534edd53164f934528780e7ff4910d56.jpg,baby,crestedgeko,,lily,65000.0
202410,8d6c7bd8e658098c7ddd3f6fd27f0e2b.jpg,baby,crestedgeko,,lily,60000.0
202410,7bdaf900108e8eee14b0b11c47fc1f4a.jpg,baby,crestedgeko,,lily,70000.0
202410,ae7796fd29e072ac810612f6a7def30f.jpg,baby,crestedgeko,,lily,60000.0
202410,2d3c76b9a9e54032200eb4021093fe3a.jpg,baby,crestedgeko,,lily,80000.0
202410,e0dbecc1a3834993c0e3dd864fa41a1b.jpg,baby,crestedgeko,,lily,70000.0
202410,8f752264e96532b2df3ff3f44d396257.jpg,baby,crestedgeko,,undefined,28000.0
202410,23fc411b61ccf803b9416df7f9c8789f.jpg,baby,crestedgeko,,undefined,25000.0
202410,c14ef5b0b0413be434c2f1e7e0699ec5.jpg,adult,crestedgeko,,red,240000.0
202410,15663cb941ebf19485cf66d87cafa28a.jpg,baby,crestedgeko,,lily,70000.0
202410,865b639b648516f6cee013a8a9f3f563.jpg,baby,crestedgeko,,lily,80000.0
202410,64e9da46c3f22f1979bdd2f839cfe5b8.jpg,baby,crestedgeko,,lily,80000.0
202410,16096bc5f919f1adf0767081239ebbd8.jpg,baby,crestedgeko,,lily,80000.0
202410,58dc40fed5f8fdb28c8001f2c8c3e4ac.jpg,baby,crestedgeko,,lily,80000.0
202410,f2f079b4b0732888d57712772804ffa3.jpg,baby,crestedgeko,,lily,80000.0
202410,e4b2c40bcb8324275f406d43f3de0759.jpg,baby,crestedgeko,,undefined,22000.0
202410,fd1196c293188bd69a1b432ff5c1dbfd.jpg,baby,crestedgeko,,undefined,28000.0
202410,d52ce26548eec20f6f04a3ac6eb9226f.jpg,baby,crestedgeko,,undefined,22000.0
202410,9fe1063341b5dcef3db422ea13ecae11.jpg,baby,crestedgeko,,undefined,25000.0
202410,ae7561da7a1440b2f177b35551087d13.jpg,baby,crestedgeko,,undefined,25000.0
202410,53b7f7e5404a3a3aa695e0ca31233af2.jpg,baby,crestedgeko,,undefined,22000.0
202410,7952aa877a990ddc4f54fc40389e1238.jpg,baby,crestedgeko,,undefined,18000.0
202410,6e19e05b517bdb00d8f749f1d2943f0d.jpg,baby,crestedgeko,,undefined,18000.0
202410,c3949ff4a9d1908b103de858fc50cbe4.jpg,baby,crestedgeko,,undefined,18000.0
202410,e16f4c9fe0f58bd53903506f35011965.jpg,baby,crestedgeko,,undefined,20000.0
202410,34fa8f0e9d1e93e31372668a4b47c979.jpg,baby,crestedgeko,,undefined,19000.0
202410,871c365faf5b99edf33eef1b52f1f9a8.jpg,baby,crestedgeko,,lily,40000.0
202410,06682bf92161219769443832681a9472.jpg,baby,crestedgeko,,undefined,20000.0
202410,e0d9dff5a169190fcf1cc8ba8d256992.jpg,baby,crestedgeko,,undefined,20000.0
202410,4031b4da3e94a289e5a705e6cb07d67c.jpg,baby,crestedgeko,,undefined,20000.0
202410,103fd3712ff792cac2d38f80c1cb2dba.jpg,baby,crestedgeko,,undefined,20000.0
202409,604d58d044cde5e28211a00e56c60255.jpg,baby,crestedgeko,,cappucino,120000.0
202409,ae82fa453991bb03f16382d09c2b3a73.jpg,babeadult,crestedgeko,,undefined,85000.0
202409,78b55cc5103da7fd849c8efa655ae8e3.jpg,babeadult,crestedgeko,,lily,40000.0
202409,19f2db6cf6089cf4adf9adfc46ed4a4b.jpg,baby,crestedgeko,,undefined,26000.0
202409,564ac6cc342c6c492310329ccf56430f.jpg,baby,crestedgeko,,undefined,30000.0
202409,05f36298b3fac2b342c019e8cdf80c69.jpg,baby,crestedgeko,,undefined,20000.0
202409,7a6b4dd92f6a4996fee4fce08ecd7fde.jpg,baby,crestedgeko,,undefined,25000.0
202409,13e19c4e8073d28e0ef0cde73870822d.jpg,baby,crestedgeko,,undefined,25000.0
202409,f4fef7eecf961d423aa9dac59862f97e.jpg,baby,crestedgeko,,undefined,16000.0
202409,ce9f01c43a0c341661644e9062f615aa.jpg,baby,crestedgeko,,undefined,20000.0
202409,5378c5235c7f93ea13e3b8063ed648fb.jpg,baby,crestedgeko,,undefined,25000.0
202409,373a78bd43a6fc73bf25073ddb80be43.jpg,baby,crestedgeko,,undefined,25000.0
202409,59085fe105cb8e9fb88d5fb6158e90ae.jpg,baby,crestedgeko,,undefined,25000.0
202409,75287b3e4de64bf5512b7b0475ab5be8.jpg,baby,crestedgeko,,undefined,25000.0
202409,cdcebdbd4218347d93185ccbaee94520.jpg,baby,crestedgeko,,undefined,95000.0
202409,d52d9b0b4e4a4dab05a262ef780b71b1.jpg,baby,crestedgeko,,undefined,12000.0
202409,1aec2af89a32871f21d02b629e0d5351.jpg,baby,crestedgeko,,lily,90000.0
202409,82277d9b4e662dcff79c1c0911195969.jpg,baby,crestedgeko,,lily,100000.0
202409,2d91ba1e49672dffa30879ff7b62d84f.jpg,baby,crestedgeko,,lily,60000.0
202409,3a9eaa70d82e965c099842c1608039cb.jpg,baby,crestedgeko,,lily,75000.0
202409,29c1a0b3705329c48dd38037d134da15.jpg,baby,crestedgeko,,undefined,22000.0
202409,912ab85953e3bbe25605d30d5c064b10.jpg,baby,crestedgeko,,undefined,25000.0
202409,255c7b6dc592b5f929591e667a82ca3a.jpg,baby,crestedgeko,,undefined,42000.0
202409,fce50b45e10d7696c9ed1c6a5c136898.jpg,baby,crestedgeko,,undefined,25000.0
202409,396c68d6158453d2b797813946e1b7a1.jpg,baby,crestedgeko,,frapuccino,180000.0
202409,22b98911b4137ad5660c8c42d59f4a04.jpg,adult,geko,,undefined,80000.0
202409,98108ee1520a51617bd2230e446a5cd2.jpg,adult,crestedgeko,,undefined,140000.0
202409,fd1b8d92d1eae68ee28dd8c467e7d8cd.jpg,adult,crestedgeko,,undefined,140000.0
202409,8784ce81bb2ce0768317cad7e7a1ee5e.jpg,adult,geko,,white,60000.0
202409,7374ec5e36f40e1bcf25d2d6f4bda9c8.jpg,babeadult,crestedgeko,,lily,50000.0
202409,fbc13e60f73e2fea32ba8740321dba93.jpg,baby,crestedgeko,,undefined,32000.0
202409,fb3e38b5c2ed33db3bfc6a96d4d88e96.jpg,baby,crestedgeko,,undefined,28000.0
202408,1b4188b243746fea92956126039ef88b.jpg,baby,crestedgeko,,undefined,28000.0
202408,76ad54e75da259c7bf73c2531fce4664.jpg,baby,crestedgeko,,undefined,22000.0
202408,870e540fab9dd75ceadd0d4930d7884d.jpg,baby,crestedgeko,,undefined,22000.0
202408,18580e6b53b23ed6aecf9a66a9f9cdd8.jpg,baby,crestedgeko,,undefined,20000.0
202408,315c294ef70205a66fb9bedb51aa78e9.jpg,baby,crestedgeko,,undefined,30000.0
202408,6e2e04f48ff32ef5e3e6cdb67cf7e68b.jpg,baby,crestedgeko,,undefined,20000.0
202408,e679cee404c310c4f199bf682cacd44e.jpg,baby,crestedgeko,,undefined,30000.0
202408,61d41d718ad94726624e27ba41a59819.jpg,baby,crestedgeko,,undefined,25000.0
202408,25e89882abb39b4cfe730a64091d6b79.jpg,undefined,leopard,,undefined,40000.0
202408,24d1fd26a0196ef8aed43a01584650d7.jpg,undefined,leopard,,undefined,50000.0
202408,4e1b343d8f5c8bb92259df5b6ff5f32a.jpg,undefined,leopard,,undefined,60000.0
202408,855eafd3bced291fb355a5da0c78fade.jpg,undefined,leopard,,undefined,60000.0
202408,230773067d8d7257a3afdf256cfa3492.jpg,undefined,leopard,,undefined,70000.0
202408,2c0a84199cd783abcd46e2c1dda86cee.jpg,undefined,leopard,,black,80000.0
202408,9663becb3f4eb573083b7a60bafb9e0c.jpg,baby,crestedgeko,,lily,40000.0
202408,331167c7a8f3dc37dda0d816073352b6.jpg,baby,crestedgeko,,lily,70000.0
202408,bcb5629cd58c89e350fb6c4c6d873790.jpg,baby,crestedgeko,,lily,40000.0
202408,4396f87ea58564bcb1bd0097ec3af64a.jpg,baby,crestedgeko,,lily,80000.0
202408,b022e2b7da3aa63d3cbb2037ddc40c0c.jpg,baby,crestedgeko,,undefined,20000.0
202408,f602c5f041634465286273ba0c8e88fe.jpg,baby,crestedgeko,,undefined,20000.0
202408,aa1e3698d0df547a69bddf2227005186.jpg,baby,crestedgeko,,undefined,22000.0
202408,27e93fc91feba99cf0937b937065afa2.jpg,baby,crestedgeko,,undefined,22000.0
202408,7afc49db8984ca8d51d3f3e576ee6ad4.jpg,baby,crestedgeko,,undefined,22000.0
202408,679b17205302813a183024ca18df7b75.jpg,baby,crestedgeko,,undefined,25000.0
202408,9966b47058c3df4bc853103f32baf87f.jpg,baby,crestedgeko,,undefined,22000.0
202408,26bd7ebb7d149e3750142f5c914906a0.jpg,baby,crestedgeko,,undefined,35000.0
202408,5768fbf2a7ff7f163f865d3ddda30c08.jpg,baby,crestedgeko,,lily,35000.0
202408,b482826dff0d19ab5df5e1c4518894d1.jpg,baby,crestedgeko,,lily,38000.0
202408,7e5eb43e2eaad0eb0f6ecf461e555214.jpg,baby,crestedgeko,,lily,35000.0
202408,b57647886feb60b69c1ff2c2792c6d10.jpg,baby,crestedgeko,,undefined,22000.0
202408,bb0bc8c0075d429b48ead94cfe75cbfa.jpg,baby,crestedgeko,,undefined,30000.0
202408,8fdd7874c16a3c9805273364f9c4d6ca.jpg,baby,crestedgeko,,undefined,20000.0
202408,b189bc1bf2e953ed690af6503ebb0428.jpg,baby,crestedgeko,,undefined,20000.0
202408,077b0f4a99e79192a5a6476be73d57bc.jpg,baby,crestedgeko,,undefined,20000.0
202408,dcc75af1b554bd43b3b5a505438728f9.jpg,baby,crestedgeko,,undefined,20000.0
202408,32dbf1f4c6a3682cdd123f441ae7f77c.jpg,baby,crestedgeko,,undefined,20000.0
202408,cd4089bc6618b9346762d3f72313dec4.jpg,baby,crestedgeko,,undefined,20000.0
202408,8d5502bbe5e786cd82f1e00f30de26f2.jpg,baby,crestedgeko,,undefined,20000.0
202409,0ee1b59967e25a62e06008e40aefd96d.jpg,baby,crestedgeko,,undefined,28000.0
202408,25cb8a74ed8486fbabc2dd702c95cf76.jpg,baby,crestedgeko,,undefined,20000.0
202408,90aadd3bd2912981167654b1a26e63cc.jpg,baby,crestedgeko,,undefined,28000.0
202408,b2d5cea811c77fe5cdd5361c5ab7fbec.jpg,baby,crestedgeko,,undefined,24000.0
202408,88f35f873036046e605edcd59203e87b.jpg,baby,crestedgeko,,undefined,39000.0
202408,08577aa6fc03cc64ad81e2c2bf4943ba.jpg,baby,crestedgeko,,undefined,38000.0
202407,ac0b8c735991da346248fe54ddd2323b.jpg,baby,crestedgeko,,undefined,24000.0
202407,9b4bd9053b600db3da8ba11ab69fd3f9.jpg,baby,crestedgeko,,undefined,24000.0
202407,e0b4fca8a5929bcd6d10a013570dc2e6.jpg,baby,crestedgeko,,undefined,26000.0
202407,90d31c7d7a40045aa7c1dcc60df6395f.jpg,baby,crestedgeko,,undefined,24000.0
202407,029eb14566763569f0fa3709d29b2c38.jpg,baby,crestedgeko,,undefined,60000.0
202407,9706c4fa207fe983232bc3193622793c.jpg,baby,crestedgeko,,lily,100000.0
202407,9245f482e1cc9f6a7c96ee23ec4fdf83.jpg,baby,crestedgeko,,undefined,25000.0
202407,23687d9ad6d48efc9644835f681a15f4.jpg,baby,crestedgeko,,undefined,28000.0
202407,a11f20393355372c6c57dc71c2a36c45.jpg,baby,crestedgeko,,undefined,28000.0
202407,2d26159f47c29818183505a58b2cdae5.jpg,baby,crestedgeko,,undefined,30000.0
202407,4be2a572dacb619ca808d7def848c570.jpg,baby,crestedgeko,,undefined,24000.0
202407,9a03862d3ee4e027f70600dfd419956b.jpg,baby,crestedgeko,,undefined,26000.0
202407,163e1e61308bca3f7df6dc082065a9b8.jpg,baby,crestedgeko,,undefined,30000.0
202406,a7ef0463d61124e464d18cc3628cb4a1.jpg,baby,crestedgeko,,lily,60000.0
202406,0bb766eb541a1f589e9e5acf34bb9daa.jpg,baby,crestedgeko,,undefined,35000.0
202406,dd4644521ea221adff67aab8c171f078.jpg,baby,crestedgeko,,undefined,35000.0
202406,8d7321f8d7e210a2a99a8323d062dd9e.jpg,baby,crestedgeko,,undefined,30000.0
202406,d045aa338e1f6b26d4715b9edd308d56.jpg,baby,crestedgeko,,lily,70000.0
202408,77b25e3d384bda4a536b4cf54a3090de.jpg,babeadult,crestedgeko,,frapuccino,200000.0
202406,0123c8c460dfa3c05ab41b533dac4621.jpg,baby,crestedgeko,,undefined,40000.0
202406,ae4f7458d7194d6337909a10c02cad7d.jpg,baby,crestedgeko,,undefined,35000.0
202406,95f0929d9b05c7457f942b6b1fe6360b.jpg,baby,crestedgeko,,undefined,40000.0
202406,6bbb7027f086300b7dd14a60d786f31f.jpg,baby,crestedgeko,,undefined,50000.0
202406,a1608f97e666927c87274168824fd08e.jpg,baby,crestedgeko,,undefined,50000.0
202406,0eb82b203d37916de4b9e172013c80e0.jpg,baby,crestedgeko,,undefined,60000.0
202406,ce2d5d0f24467187f9349a40533280df.jpg,baby,crestedgeko,,lily,70000.0
202406,3485dc90add59ba678421ea00eefdf7b.jpg,baby,crestedgeko,,lily,160000.0
202405,06ee5df7b51b0ef8a9bfaad9f5649f6b.jpg,baby,crestedgeko,,undefined,58000.0
202405,e75fbd19032d0f206673645db340836d.jpg,baby,crestedgeko,,undefined,30000.0
202405,4b5b78b4a338a8cd9ad916a3f5eb0ef4.jpg,baby,crestedgeko,,undefined,45000.0
202405,4068330b3a3b2f9ea6f00f18a293c98c.jpg,baby,crestedgeko,,undefined,30000.0
202405,026bddcd53b5232b098834474023e705.jpg,baby,crestedgeko,,undefined,40000.0
202405,1e94dc3feddfb593fd2397ee3f793248.jpg,baby,crestedgeko,,undefined,35000.0
202405,74c4e141e9d5c915dce9fdd382da9f24.jpg,baby,crestedgeko,,undefined,30000.0
202405,12475c9a4e3143119779766eb4b7d70a.jpg,baby,crestedgeko,,undefined,30000.0
202405,8386165069a02d2d3ed000297761a29b.jpg,baby,crestedgeko,,undefined,35000.0
202405,696eadc489a9079ecfd55bd400f59947.jpg,baby,crestedgeko,,lily,50000.0
202405,d23dfb869e34cec87c0d5178570a1b57.jpg,baby,crestedgeko,,lily,80000.0
202405,6373c55c61e85b491b2f4b8c49049476.jpg,baby,crestedgeko,,dark,220000.0
202404,700b84e1e5842e8d0eb1fa3a60ee103e.jpg,baby,crestedgeko,,undefined,30000.0
202404,c4b13d9b1ffc4a277386a2c425404944.jpg,baby,crestedgeko,,undefined,30000.0
202404,ad569595844493a59ea05b0e6ad8aef3.jpg,baby,crestedgeko,,undefined,30000.0
202404,d76e5404eb1e374b9207bd252df7d1b7.jpg,baby,crestedgeko,,undefined,25000.0
202404,5d5f921908004ac7400bab9e0474796c.jpg,baby,crestedgeko,,lily,60000.0
202404,56fb3f2f24593810f7d7faed2ef838a8.jpg,baby,crestedgeko,,lily,60000.0
202404,4d53fbd81fccd7f4588c52e96efaf905.jpg,baby,crestedgeko,,lily,60000.0
202404,56739631aa194bf90465ec9c68f970a8.jpg,baby,crestedgeko,,undefined,28000.0
202404,76381d219eb099a93d042a841d75fe81.jpg,baby,others,,normal,70000.0
202403,81c578ed02180e4a1200ef98ec091483.jpg,adult,Chamaeleon,,undefined,650000.0
202403,eb09cd676212cb2b8acc8ec8b0234bec.jpg,baby,crestedgeko,,undefined,32000.0
202403,df53014220b3e0d27002e83199c45c9c.jpg,subadult,crestedgeko,,undefined,40000.0
202403,c2bb303de672964cacfc9b3d0c93f63c.jpg,subadult,crestedgeko,,undefined,35000.0
202403,f2ce26db8f394dfcf7373c35a374e5b7.jpg,subadult,crestedgeko,,undefined,50000.0
202403,c4e7eddf1158ca044168556ea20209ab.jpg,baby,crestedgeko,,undefined,26000.0
202403,f6a5555eecbbe2a91872e16c5fb15ff3.jpg,baby,crestedgeko,,undefined,20000.0
202403,7663bfa36b025a8bb359581c706b8671.jpg,baby,crestedgeko,,undefined,32000.0
202403,f8df1ae404783afea4c20a622c6ee39a.jpg,baby,crestedgeko,,undefined,24000.0
202403,15b59bd82c3505059c6eb7d923e00c14.jpg,baby,crestedgeko,,undefined,32000.0
202403,236ec5a1938506b7f20e242a6789905c.jpg,baby,crestedgeko,,undefined,24000.0
202403,5797fbb4163feda86a7f63567d3a7a6d.jpg,baby,crestedgeko,,undefined,20000.0
202403,9529cca5c5fd248b0a12bb1dfcc5b4a9.jpg,babeadult,others,,undefined,260000.0
202402,82218c341b857ed387719231dba3d70d.jpg,adult,geko,,undefined,189000.0
202402,1f7e72865b0090cb92872844a519d5d3.jpg,baby,crestedgeko,,lily,46000.0
202402,708ab10aa1e634e4e9a4389248744dac.jpg,baby,crestedgeko,,undefined,20000.0
202402,c56e5dbcb88f975f4b7c96b914b7d6d7.jpg,baby,crestedgeko,,lily,44000.0
202402,7448056ff5e3e397baf0e2efccad07e2.jpg,baby,crestedgeko,,undefined,22000.0
202402,3f9af988e72d96366b4ae8526e1a3ba3.jpg,baby,crestedgeko,,lily,48000.0
202402,3b6cf9116f2d12c7304e70b3afff9599.jpg,baby,crestedgeko,,lily,43000.0
202402,8ec65c5441a124211b2e6749cd049627.jpg,baby,crestedgeko,,lily,40000.0
202402,3f48766708022a310d1fb26f1ec035f4.jpg,baby,crestedgeko,,undefined,16000.0
202401,601e5edf489448be48f3734532a20e07.jpg,baby,crestedgeko,,undefined,18000.0
202401,26b9951acbd4785ef2669501aba58859.jpg,baby,crestedgeko,,lily,36000.0
202401,8f9aa6699bd13886658c3f08d1aef44c.jpg,baby,crestedgeko,,lily,32000.0
202401,48bd2151b2b81f28eadc17afa8b8f4e5.jpg,baby,crestedgeko,,undefined,20000.0
202401,9cb3eedb9ac51522a6f5083a8c404d78.jpg,baby,crestedgeko,,undefined,18000.0
202401,f82a1070fec9f5af40513ec7bce18181.jpg,baby,crestedgeko,,undefined,30000.0
202401,bfec6691c218c18049a91ac5793db762.jpg,baby,crestedgeko,,lily,44000.0
202402,2510cb39f04c159503137234aebe75c2.jpg,baby,crestedgeko,,lily,42000.0
202401,c72605d5693bfc99af90cfff955755e1.jpg,baby,crestedgeko,,lily,48000.0
202401,bbc77de389b261807e26af8e72fda1c1.jpg,baby,crestedgeko,,lily,48000.0
202402,6e91d5144085e320173f664ab098fa2d.jpg,baby,crestedgeko,,lily,44000.0
202401,756f16ffdb5186048cd73158e4c8f9d9.jpg,baby,crestedgeko,,lily,42000.0
202402,24084aa9959e3a4758e46d8b1dccd487.jpg,baby,crestedgeko,,lily,40000.0
202402,fe8a06705f694fe6bac00ab36bab4b67.jpg,baby,others,,normal,18000.0
202401,7936834cccd86a2b68039f3be067783f.jpg,baby,others,,normal,18000.0
202405,1e739da575a1cff827b7ce75b0a51def.jpg,baby,crestedgeko,,lily,58000.0
202401,9cc08d826a5463529b62dbace7336081.jpg,baby,crestedgeko,,lily,38000.0
202401,08eec9d7a5e64f29187439acd0a5a626.jpg,subadult,crestedgeko,,undefined,50000.0
202401,01838577df0d67e214e22a777718cf9f.jpg,baby,crestedgeko,,undefined,18000.0
202403,08b0df62d89c1b073f5e9a513973a1de.jpg,baby,crestedgeko,,undefined,22000.0
202401,7b30926b95b07783da5c14aee934f193.jpg,baby,crestedgeko,,undefined,16000.0
202401,6f7e24831489aab9b7aaa808b0035433.jpg,baby,crestedgeko,,undefined,20000.0
202401,08acce83df68cd29126cfa6f10718602.jpg,baby,crestedgeko,,undefined,20000.0
202401,46fef8cebfe113109629663e44e2bc80.jpg,baby,crestedgeko,,undefined,18000.0
202401,b631fc99179d85658daa0dac08de7c0a.jpg,baby,crestedgeko,,undefined,16000.0
202401,a5bbdaf94fa05f47d003f749b911ac21.jpg,baby,crestedgeko,,undefined,20000.0
202401,100083710bd41648fff730fc4488413c.jpg,baby,crestedgeko,,lily,36000.0
202401,62a38e8cde74e80ce53cde3cf9c5b795.jpg,baby,crestedgeko,,lily,36000.0
202401,a0278a145a239aa836a48a28129588a6.jpg,baby,crestedgeko,,lily,38000.0
202401,5dfbfb780f3cc96a1ace27919096b163.jpg,baby,crestedgeko,,lily,45000.0
202401,08e8148082248a80c2577f5a5178a151.jpg,baby,crestedgeko,,lily,38000.0
202401,76c2b85eb2ced38fe5aea6c5166dbd74.jpg,baby,crestedgeko,,undefined,20000.0
202401,4c532b1172739a2215d507cdab1ad892.jpg,baby,crestedgeko,,undefined,20000.0
202401,d641a04c280ca22ef64b22c3f9ec81ac.jpg,baby,crestedgeko,,lily,38000.0
202401,63aa2e2f2d5e5fd627d8869dfefa72c6.jpg,baby,crestedgeko,,lily,36000.0
202401,513ea5ab1ab8ad950f26ee4438307858.jpg,baby,crestedgeko,,lily,42000.0
202401,5cb0ffe92136481ed4b63bad6d1601f1.jpg,baby,crestedgeko,,lily,40000.0
202401,bd8df1113767d9da9813f4e72bb5ec06.jpg,baby,crestedgeko,,lily,40000.0
202401,8b05b484f6305e6ded9903db5c8a3657.jpg,baby,crestedgeko,,lily,45000.0
202401,7f4c185013c2f454f65f5df28f131c0f.jpg,baby,crestedgeko,,lily,42000.0
202401,881546c0ad7088c4fa3503ef726f8c9f.jpg,baby,crestedgeko,,lily,34000.0
202407,7cdc0ace3d6eb5bc81f5af85fb0fe58a.jpg,undefined,snake,,undefined,140000.0
202409,5425028fe1e6ddb900aa827b4e776729.jpg,baby,crestedgeko,,undefined,36000.0
202408,9319ec5e9ba59df20d33e8c76483b9b3.jpg,baby,crestedgeko,,lily,60000.0
202408,c42722c383b0b9d50ccabc74ae339975.jpg,baby,crestedgeko,,undefined,25000.0
202408,bcbc7ffe21ce33907448bfd46ccf8e8d.jpg,baby,crestedgeko,,undefined,20000.0
202408,8b6f28978c66e57da45dcd8d10b832d2.jpg,baby,crestedgeko,,lily,70000.0
202408,58737f4c5f5b0b5a505102af376de8d1.jpg,baby,crestedgeko,,lily,60000.0
202408,245002dfa2c5067d49c83c6bf6a72940.jpg,baby,crestedgeko,,undefined,48000.0
202406,61bf9931a3ea37e40494cf11d570f613.jpg,baby,crestedgeko,,lily,50000.0
202406,696e7460813dd753cf2f57452711999c.jpg,baby,crestedgeko,,undefined,30000.0
202404,b661c1d5c866a5d6196234c973245e85.jpg,baby,crestedgeko,,undefined,25000.0
202403,bdaaeec4f0d2ea826b249980f4c8dd42.jpg,subadult,crestedgeko,,lily,380000.0
202402,ae55721d1246e79a10076202bf4693de.jpg,undefined,leopard,,undefined,40000.0
202402,65a6fef45f8d95beea616dc2977378d6.jpg,undefined,leopard,,undefined,60000.0
202406,41f59a5814c876e21c489ec49eb5244d.jpg,baby,crestedgeko,,spotless,250000.0
202401,5ec035acd88e74b881bbad8dc4575860.jpg,baby,crestedgeko,,cappucino,140000.0
2025-02-06 17:23:49,20250206172349_KakaoTalk_Photo_2025-02-06-09-32-59 009.jpeg,,2 Crestedgeko,85.847084,White,
2025-02-06 17:26:41,20250206172641_KakaoTalk_Photo_2025-02-06-09-32-58 002.jpeg,,9 Turtle,99.5417709350586,White,
2025-02-06 21:25:11,20250206212511_KakaoTalk_Photo_2025-02-06-09-33-00 017.jpeg,,9 Turtle,99.97213745117188,White,
2025-02-06 21:28:39,20250206212839_KakaoTalk_Photo_2025-02-06-09-33-00 014.jpeg,,9 Turtle,86.66140747070312,White,
2025-02-06 21:43:38,20250206214338_KakaoTalk_Photo_2025-02-06-09-33-00 016.jpeg,,9 Turtle,99.94232940673828,White,
2025-02-07 00:28:45,20250207002845_KakaoTalk_Photo_2025-02-06-09-33-00 016.jpeg,,9 Turtle,99.94232940673828,White,
2025-02-07 00:45:15,20250207004515_KakaoTalk_Photo_2025-02-06-09-33-00 020.jpeg,,8 Snake,98.5902328491211,White,
2025-02-07 00:48:20,20250207004820_KakaoTalk_Photo_2025-02-06-09-33-00 014.jpeg,,9 Turtle,86.66140747070312,White,
2025-02-07 00:48:30,20250207004830_KakaoTalk_Photo_2025-02-06-09-33-00 018.jpeg,,4 Iguana,98.08601379394533,White,
2025-02-07 00:50:30,20250207005030_KakaoTalk_Photo_2025-02-06-09-33-00 014.jpeg,,9 Turtle,86.66140747070312,White,
2025-02-07 00:50:39,20250207005039_KakaoTalk_Photo_2025-02-06-09-33-00 017.jpeg,,9 Turtle,99.97213745117188,White,
2025-02-07 00:50:47,20250207005047_KakaoTalk_Photo_2025-02-06-09-33-00 020.jpeg,,8 Snake,98.5902328491211,White,
2025-02-07 01:25:46,20250207012546_KakaoTalk_Photo_2025-02-06-09-33-00 014.jpeg,,9 Turtle,86.66140747070312,White,
2025-02-07 01:30:27,20250207013027_KakaoTalk_Photo_2025-02-06-09-33-00 015.jpeg,,9 거북이,99.99996185302734,White,
2025-02-07 01:34:08,20250207013408_KakaoTalk_Photo_2025-02-06-09-33-00 015.jpeg,,9.거북이,99.99996185302734,White,
2025-02-07 01:36:30,20250207013630_KakaoTalk_Photo_2025-02-06-09-33-00 013.jpeg,,9.거북이,96.31170654296876,White,
2025-02-07 01:41:36,20250207014136_KakaoTalk_Photo_2025-02-06-09-33-00 013.jpeg,,9.거북이,96.31170654296876,White,
2025-02-07 02:05:11,20250207020511_IMG_4181.JPG,,2.크레스티드 게코,75.14408874511719,White,
2025-02-07 09:40:33,20250207094033_IMG_4183.JPG,,2.크레스티드 게코,99.99718475341795,White,
2025-02-07 09:41:15,20250207094115_IMG_4182.JPG,,2.크레스티드 게코,99.9945297241211,White,
2025-02-07 12:42:54,20250207124254_IMG_4182.JPG,성체(Adult)/대형(Large),2.크레스티드 게코,99.0,White(화이트),
2025-02-09 16:24:59,KakaoTalk_Photo_2025-02-06-09-30-47 006.jpeg,성체(Adult)/중형(Medium),12 크레스티드 게코(Crestedgeko),100.0,Blizzard(블리자드),
2025-02-09 16:29:38,KakaoTalk_Photo_2025-02-06-09-30-47 006.jpeg,성체(Adult)/중형(Medium),12 크레스티드 게코(Crestedgeko),2.0,Blizzard(블리자드),
